Python 3.12.5 (tags/v3.12.5:ff3bc82, Aug  6 2024, 20:45:27) [MSC v.1940 64 bit (AMD64)] on win32
Type "help", "copyright", "credits" or "license()" for more information.

= RESTART: C:\Users\sayak\OneDrive\Documents\rsa\finished\core switch\temp1.py
The edges are:  [('1', '2'), ('1', '3'), ('2', '3'), ('2', '4'), ('2', '5'), ('3', '5'), ('4', '5'), ('4', '6'), ('5', '6')]

Source: 1
Destination: 2
Path: 1 -> 2
SP Length (km): 1000
Bandwidth (Gbps): 371
Selected Modulation Format: 16-QAM
FS Capacity: 12.5 GHz
Efficiency: 4
Slots needed (excluding guard bit): 8

Checking for path:  ['1', '2']
  Allocated per link: [(frozenset({'2', '1'}), 1, 0)]

Current Slot Usage:
2 - 1:
  Core 1: [1, 1, 1, 1, 1, 1, 1, 1, 'G', 0, 0, 0, 0, 0, 0, 0, 0, 0, 0, 0]
  Core 2: [0, 0, 0, 0, 0, 0, 0, 0, 0, 0, 0, 0, 0, 0, 0, 0, 0, 0, 0, 0]
  Core 3: [0, 0, 0, 0, 0, 0, 0, 0, 0, 0, 0, 0, 0, 0, 0, 0, 0, 0, 0, 0]
  Core 4: [0, 0, 0, 0, 0, 0, 0, 0, 0, 0, 0, 0, 0, 0, 0, 0, 0, 0, 0, 0]
  Core 5: [0, 0, 0, 0, 0, 0, 0, 0, 0, 0, 0, 0, 0, 0, 0, 0, 0, 0, 0, 0]
  Core 6: [0, 0, 0, 0, 0, 0, 0, 0, 0, 0, 0, 0, 0, 0, 0, 0, 0, 0, 0, 0]
  Core 7: [0, 0, 0, 0, 0, 0, 0, 0, 0, 0, 0, 0, 0, 0, 0, 0, 0, 0, 0, 0]
3 - 1:
  Core 1: [0, 0, 0, 0, 0, 0, 0, 0, 0, 0, 0, 0, 0, 0, 0, 0, 0, 0, 0, 0]
  Core 2: [0, 0, 0, 0, 0, 0, 0, 0, 0, 0, 0, 0, 0, 0, 0, 0, 0, 0, 0, 0]
  Core 3: [0, 0, 0, 0, 0, 0, 0, 0, 0, 0, 0, 0, 0, 0, 0, 0, 0, 0, 0, 0]
  Core 4: [0, 0, 0, 0, 0, 0, 0, 0, 0, 0, 0, 0, 0, 0, 0, 0, 0, 0, 0, 0]
  Core 5: [0, 0, 0, 0, 0, 0, 0, 0, 0, 0, 0, 0, 0, 0, 0, 0, 0, 0, 0, 0]
  Core 6: [0, 0, 0, 0, 0, 0, 0, 0, 0, 0, 0, 0, 0, 0, 0, 0, 0, 0, 0, 0]
  Core 7: [0, 0, 0, 0, 0, 0, 0, 0, 0, 0, 0, 0, 0, 0, 0, 0, 0, 0, 0, 0]
2 - 3:
  Core 1: [0, 0, 0, 0, 0, 0, 0, 0, 0, 0, 0, 0, 0, 0, 0, 0, 0, 0, 0, 0]
  Core 2: [0, 0, 0, 0, 0, 0, 0, 0, 0, 0, 0, 0, 0, 0, 0, 0, 0, 0, 0, 0]
  Core 3: [0, 0, 0, 0, 0, 0, 0, 0, 0, 0, 0, 0, 0, 0, 0, 0, 0, 0, 0, 0]
  Core 4: [0, 0, 0, 0, 0, 0, 0, 0, 0, 0, 0, 0, 0, 0, 0, 0, 0, 0, 0, 0]
  Core 5: [0, 0, 0, 0, 0, 0, 0, 0, 0, 0, 0, 0, 0, 0, 0, 0, 0, 0, 0, 0]
  Core 6: [0, 0, 0, 0, 0, 0, 0, 0, 0, 0, 0, 0, 0, 0, 0, 0, 0, 0, 0, 0]
  Core 7: [0, 0, 0, 0, 0, 0, 0, 0, 0, 0, 0, 0, 0, 0, 0, 0, 0, 0, 0, 0]
2 - 4:
  Core 1: [0, 0, 0, 0, 0, 0, 0, 0, 0, 0, 0, 0, 0, 0, 0, 0, 0, 0, 0, 0]
  Core 2: [0, 0, 0, 0, 0, 0, 0, 0, 0, 0, 0, 0, 0, 0, 0, 0, 0, 0, 0, 0]
  Core 3: [0, 0, 0, 0, 0, 0, 0, 0, 0, 0, 0, 0, 0, 0, 0, 0, 0, 0, 0, 0]
  Core 4: [0, 0, 0, 0, 0, 0, 0, 0, 0, 0, 0, 0, 0, 0, 0, 0, 0, 0, 0, 0]
  Core 5: [0, 0, 0, 0, 0, 0, 0, 0, 0, 0, 0, 0, 0, 0, 0, 0, 0, 0, 0, 0]
  Core 6: [0, 0, 0, 0, 0, 0, 0, 0, 0, 0, 0, 0, 0, 0, 0, 0, 0, 0, 0, 0]
  Core 7: [0, 0, 0, 0, 0, 0, 0, 0, 0, 0, 0, 0, 0, 0, 0, 0, 0, 0, 0, 0]
2 - 5:
  Core 1: [0, 0, 0, 0, 0, 0, 0, 0, 0, 0, 0, 0, 0, 0, 0, 0, 0, 0, 0, 0]
  Core 2: [0, 0, 0, 0, 0, 0, 0, 0, 0, 0, 0, 0, 0, 0, 0, 0, 0, 0, 0, 0]
  Core 3: [0, 0, 0, 0, 0, 0, 0, 0, 0, 0, 0, 0, 0, 0, 0, 0, 0, 0, 0, 0]
  Core 4: [0, 0, 0, 0, 0, 0, 0, 0, 0, 0, 0, 0, 0, 0, 0, 0, 0, 0, 0, 0]
  Core 5: [0, 0, 0, 0, 0, 0, 0, 0, 0, 0, 0, 0, 0, 0, 0, 0, 0, 0, 0, 0]
  Core 6: [0, 0, 0, 0, 0, 0, 0, 0, 0, 0, 0, 0, 0, 0, 0, 0, 0, 0, 0, 0]
  Core 7: [0, 0, 0, 0, 0, 0, 0, 0, 0, 0, 0, 0, 0, 0, 0, 0, 0, 0, 0, 0]
5 - 3:
  Core 1: [0, 0, 0, 0, 0, 0, 0, 0, 0, 0, 0, 0, 0, 0, 0, 0, 0, 0, 0, 0]
  Core 2: [0, 0, 0, 0, 0, 0, 0, 0, 0, 0, 0, 0, 0, 0, 0, 0, 0, 0, 0, 0]
  Core 3: [0, 0, 0, 0, 0, 0, 0, 0, 0, 0, 0, 0, 0, 0, 0, 0, 0, 0, 0, 0]
  Core 4: [0, 0, 0, 0, 0, 0, 0, 0, 0, 0, 0, 0, 0, 0, 0, 0, 0, 0, 0, 0]
  Core 5: [0, 0, 0, 0, 0, 0, 0, 0, 0, 0, 0, 0, 0, 0, 0, 0, 0, 0, 0, 0]
  Core 6: [0, 0, 0, 0, 0, 0, 0, 0, 0, 0, 0, 0, 0, 0, 0, 0, 0, 0, 0, 0]
  Core 7: [0, 0, 0, 0, 0, 0, 0, 0, 0, 0, 0, 0, 0, 0, 0, 0, 0, 0, 0, 0]
5 - 4:
  Core 1: [0, 0, 0, 0, 0, 0, 0, 0, 0, 0, 0, 0, 0, 0, 0, 0, 0, 0, 0, 0]
  Core 2: [0, 0, 0, 0, 0, 0, 0, 0, 0, 0, 0, 0, 0, 0, 0, 0, 0, 0, 0, 0]
  Core 3: [0, 0, 0, 0, 0, 0, 0, 0, 0, 0, 0, 0, 0, 0, 0, 0, 0, 0, 0, 0]
  Core 4: [0, 0, 0, 0, 0, 0, 0, 0, 0, 0, 0, 0, 0, 0, 0, 0, 0, 0, 0, 0]
  Core 5: [0, 0, 0, 0, 0, 0, 0, 0, 0, 0, 0, 0, 0, 0, 0, 0, 0, 0, 0, 0]
  Core 6: [0, 0, 0, 0, 0, 0, 0, 0, 0, 0, 0, 0, 0, 0, 0, 0, 0, 0, 0, 0]
  Core 7: [0, 0, 0, 0, 0, 0, 0, 0, 0, 0, 0, 0, 0, 0, 0, 0, 0, 0, 0, 0]
6 - 4:
  Core 1: [0, 0, 0, 0, 0, 0, 0, 0, 0, 0, 0, 0, 0, 0, 0, 0, 0, 0, 0, 0]
  Core 2: [0, 0, 0, 0, 0, 0, 0, 0, 0, 0, 0, 0, 0, 0, 0, 0, 0, 0, 0, 0]
  Core 3: [0, 0, 0, 0, 0, 0, 0, 0, 0, 0, 0, 0, 0, 0, 0, 0, 0, 0, 0, 0]
  Core 4: [0, 0, 0, 0, 0, 0, 0, 0, 0, 0, 0, 0, 0, 0, 0, 0, 0, 0, 0, 0]
  Core 5: [0, 0, 0, 0, 0, 0, 0, 0, 0, 0, 0, 0, 0, 0, 0, 0, 0, 0, 0, 0]
  Core 6: [0, 0, 0, 0, 0, 0, 0, 0, 0, 0, 0, 0, 0, 0, 0, 0, 0, 0, 0, 0]
  Core 7: [0, 0, 0, 0, 0, 0, 0, 0, 0, 0, 0, 0, 0, 0, 0, 0, 0, 0, 0, 0]
6 - 5:
  Core 1: [0, 0, 0, 0, 0, 0, 0, 0, 0, 0, 0, 0, 0, 0, 0, 0, 0, 0, 0, 0]
  Core 2: [0, 0, 0, 0, 0, 0, 0, 0, 0, 0, 0, 0, 0, 0, 0, 0, 0, 0, 0, 0]
  Core 3: [0, 0, 0, 0, 0, 0, 0, 0, 0, 0, 0, 0, 0, 0, 0, 0, 0, 0, 0, 0]
  Core 4: [0, 0, 0, 0, 0, 0, 0, 0, 0, 0, 0, 0, 0, 0, 0, 0, 0, 0, 0, 0]
  Core 5: [0, 0, 0, 0, 0, 0, 0, 0, 0, 0, 0, 0, 0, 0, 0, 0, 0, 0, 0, 0]
  Core 6: [0, 0, 0, 0, 0, 0, 0, 0, 0, 0, 0, 0, 0, 0, 0, 0, 0, 0, 0, 0]
  Core 7: [0, 0, 0, 0, 0, 0, 0, 0, 0, 0, 0, 0, 0, 0, 0, 0, 0, 0, 0, 0]

Source: 1
Destination: 3
Path: 1 -> 3
SP Length (km): 1200
Bandwidth (Gbps): 361
Selected Modulation Format: 8-QAM
FS Capacity: 12.5 GHz
Efficiency: 3
Slots needed (excluding guard bit): 10

Checking for path:  ['1', '3']
  Allocated per link: [(frozenset({'3', '1'}), 1, 0)]

Current Slot Usage:
2 - 1:
  Core 1: [1, 1, 1, 1, 1, 1, 1, 1, 'G', 0, 0, 0, 0, 0, 0, 0, 0, 0, 0, 0]
  Core 2: [0, 0, 0, 0, 0, 0, 0, 0, 0, 0, 0, 0, 0, 0, 0, 0, 0, 0, 0, 0]
  Core 3: [0, 0, 0, 0, 0, 0, 0, 0, 0, 0, 0, 0, 0, 0, 0, 0, 0, 0, 0, 0]
  Core 4: [0, 0, 0, 0, 0, 0, 0, 0, 0, 0, 0, 0, 0, 0, 0, 0, 0, 0, 0, 0]
  Core 5: [0, 0, 0, 0, 0, 0, 0, 0, 0, 0, 0, 0, 0, 0, 0, 0, 0, 0, 0, 0]
  Core 6: [0, 0, 0, 0, 0, 0, 0, 0, 0, 0, 0, 0, 0, 0, 0, 0, 0, 0, 0, 0]
  Core 7: [0, 0, 0, 0, 0, 0, 0, 0, 0, 0, 0, 0, 0, 0, 0, 0, 0, 0, 0, 0]
3 - 1:
  Core 1: [1, 1, 1, 1, 1, 1, 1, 1, 1, 1, 'G', 0, 0, 0, 0, 0, 0, 0, 0, 0]
  Core 2: [0, 0, 0, 0, 0, 0, 0, 0, 0, 0, 0, 0, 0, 0, 0, 0, 0, 0, 0, 0]
  Core 3: [0, 0, 0, 0, 0, 0, 0, 0, 0, 0, 0, 0, 0, 0, 0, 0, 0, 0, 0, 0]
  Core 4: [0, 0, 0, 0, 0, 0, 0, 0, 0, 0, 0, 0, 0, 0, 0, 0, 0, 0, 0, 0]
  Core 5: [0, 0, 0, 0, 0, 0, 0, 0, 0, 0, 0, 0, 0, 0, 0, 0, 0, 0, 0, 0]
  Core 6: [0, 0, 0, 0, 0, 0, 0, 0, 0, 0, 0, 0, 0, 0, 0, 0, 0, 0, 0, 0]
  Core 7: [0, 0, 0, 0, 0, 0, 0, 0, 0, 0, 0, 0, 0, 0, 0, 0, 0, 0, 0, 0]
2 - 3:
  Core 1: [0, 0, 0, 0, 0, 0, 0, 0, 0, 0, 0, 0, 0, 0, 0, 0, 0, 0, 0, 0]
  Core 2: [0, 0, 0, 0, 0, 0, 0, 0, 0, 0, 0, 0, 0, 0, 0, 0, 0, 0, 0, 0]
  Core 3: [0, 0, 0, 0, 0, 0, 0, 0, 0, 0, 0, 0, 0, 0, 0, 0, 0, 0, 0, 0]
  Core 4: [0, 0, 0, 0, 0, 0, 0, 0, 0, 0, 0, 0, 0, 0, 0, 0, 0, 0, 0, 0]
  Core 5: [0, 0, 0, 0, 0, 0, 0, 0, 0, 0, 0, 0, 0, 0, 0, 0, 0, 0, 0, 0]
  Core 6: [0, 0, 0, 0, 0, 0, 0, 0, 0, 0, 0, 0, 0, 0, 0, 0, 0, 0, 0, 0]
  Core 7: [0, 0, 0, 0, 0, 0, 0, 0, 0, 0, 0, 0, 0, 0, 0, 0, 0, 0, 0, 0]
2 - 4:
  Core 1: [0, 0, 0, 0, 0, 0, 0, 0, 0, 0, 0, 0, 0, 0, 0, 0, 0, 0, 0, 0]
  Core 2: [0, 0, 0, 0, 0, 0, 0, 0, 0, 0, 0, 0, 0, 0, 0, 0, 0, 0, 0, 0]
  Core 3: [0, 0, 0, 0, 0, 0, 0, 0, 0, 0, 0, 0, 0, 0, 0, 0, 0, 0, 0, 0]
  Core 4: [0, 0, 0, 0, 0, 0, 0, 0, 0, 0, 0, 0, 0, 0, 0, 0, 0, 0, 0, 0]
  Core 5: [0, 0, 0, 0, 0, 0, 0, 0, 0, 0, 0, 0, 0, 0, 0, 0, 0, 0, 0, 0]
  Core 6: [0, 0, 0, 0, 0, 0, 0, 0, 0, 0, 0, 0, 0, 0, 0, 0, 0, 0, 0, 0]
  Core 7: [0, 0, 0, 0, 0, 0, 0, 0, 0, 0, 0, 0, 0, 0, 0, 0, 0, 0, 0, 0]
2 - 5:
  Core 1: [0, 0, 0, 0, 0, 0, 0, 0, 0, 0, 0, 0, 0, 0, 0, 0, 0, 0, 0, 0]
  Core 2: [0, 0, 0, 0, 0, 0, 0, 0, 0, 0, 0, 0, 0, 0, 0, 0, 0, 0, 0, 0]
  Core 3: [0, 0, 0, 0, 0, 0, 0, 0, 0, 0, 0, 0, 0, 0, 0, 0, 0, 0, 0, 0]
  Core 4: [0, 0, 0, 0, 0, 0, 0, 0, 0, 0, 0, 0, 0, 0, 0, 0, 0, 0, 0, 0]
  Core 5: [0, 0, 0, 0, 0, 0, 0, 0, 0, 0, 0, 0, 0, 0, 0, 0, 0, 0, 0, 0]
  Core 6: [0, 0, 0, 0, 0, 0, 0, 0, 0, 0, 0, 0, 0, 0, 0, 0, 0, 0, 0, 0]
  Core 7: [0, 0, 0, 0, 0, 0, 0, 0, 0, 0, 0, 0, 0, 0, 0, 0, 0, 0, 0, 0]
5 - 3:
  Core 1: [0, 0, 0, 0, 0, 0, 0, 0, 0, 0, 0, 0, 0, 0, 0, 0, 0, 0, 0, 0]
  Core 2: [0, 0, 0, 0, 0, 0, 0, 0, 0, 0, 0, 0, 0, 0, 0, 0, 0, 0, 0, 0]
  Core 3: [0, 0, 0, 0, 0, 0, 0, 0, 0, 0, 0, 0, 0, 0, 0, 0, 0, 0, 0, 0]
  Core 4: [0, 0, 0, 0, 0, 0, 0, 0, 0, 0, 0, 0, 0, 0, 0, 0, 0, 0, 0, 0]
  Core 5: [0, 0, 0, 0, 0, 0, 0, 0, 0, 0, 0, 0, 0, 0, 0, 0, 0, 0, 0, 0]
  Core 6: [0, 0, 0, 0, 0, 0, 0, 0, 0, 0, 0, 0, 0, 0, 0, 0, 0, 0, 0, 0]
  Core 7: [0, 0, 0, 0, 0, 0, 0, 0, 0, 0, 0, 0, 0, 0, 0, 0, 0, 0, 0, 0]
5 - 4:
  Core 1: [0, 0, 0, 0, 0, 0, 0, 0, 0, 0, 0, 0, 0, 0, 0, 0, 0, 0, 0, 0]
  Core 2: [0, 0, 0, 0, 0, 0, 0, 0, 0, 0, 0, 0, 0, 0, 0, 0, 0, 0, 0, 0]
  Core 3: [0, 0, 0, 0, 0, 0, 0, 0, 0, 0, 0, 0, 0, 0, 0, 0, 0, 0, 0, 0]
  Core 4: [0, 0, 0, 0, 0, 0, 0, 0, 0, 0, 0, 0, 0, 0, 0, 0, 0, 0, 0, 0]
  Core 5: [0, 0, 0, 0, 0, 0, 0, 0, 0, 0, 0, 0, 0, 0, 0, 0, 0, 0, 0, 0]
  Core 6: [0, 0, 0, 0, 0, 0, 0, 0, 0, 0, 0, 0, 0, 0, 0, 0, 0, 0, 0, 0]
  Core 7: [0, 0, 0, 0, 0, 0, 0, 0, 0, 0, 0, 0, 0, 0, 0, 0, 0, 0, 0, 0]
6 - 4:
  Core 1: [0, 0, 0, 0, 0, 0, 0, 0, 0, 0, 0, 0, 0, 0, 0, 0, 0, 0, 0, 0]
  Core 2: [0, 0, 0, 0, 0, 0, 0, 0, 0, 0, 0, 0, 0, 0, 0, 0, 0, 0, 0, 0]
  Core 3: [0, 0, 0, 0, 0, 0, 0, 0, 0, 0, 0, 0, 0, 0, 0, 0, 0, 0, 0, 0]
  Core 4: [0, 0, 0, 0, 0, 0, 0, 0, 0, 0, 0, 0, 0, 0, 0, 0, 0, 0, 0, 0]
  Core 5: [0, 0, 0, 0, 0, 0, 0, 0, 0, 0, 0, 0, 0, 0, 0, 0, 0, 0, 0, 0]
  Core 6: [0, 0, 0, 0, 0, 0, 0, 0, 0, 0, 0, 0, 0, 0, 0, 0, 0, 0, 0, 0]
  Core 7: [0, 0, 0, 0, 0, 0, 0, 0, 0, 0, 0, 0, 0, 0, 0, 0, 0, 0, 0, 0]
6 - 5:
  Core 1: [0, 0, 0, 0, 0, 0, 0, 0, 0, 0, 0, 0, 0, 0, 0, 0, 0, 0, 0, 0]
  Core 2: [0, 0, 0, 0, 0, 0, 0, 0, 0, 0, 0, 0, 0, 0, 0, 0, 0, 0, 0, 0]
  Core 3: [0, 0, 0, 0, 0, 0, 0, 0, 0, 0, 0, 0, 0, 0, 0, 0, 0, 0, 0, 0]
  Core 4: [0, 0, 0, 0, 0, 0, 0, 0, 0, 0, 0, 0, 0, 0, 0, 0, 0, 0, 0, 0]
  Core 5: [0, 0, 0, 0, 0, 0, 0, 0, 0, 0, 0, 0, 0, 0, 0, 0, 0, 0, 0, 0]
  Core 6: [0, 0, 0, 0, 0, 0, 0, 0, 0, 0, 0, 0, 0, 0, 0, 0, 0, 0, 0, 0]
  Core 7: [0, 0, 0, 0, 0, 0, 0, 0, 0, 0, 0, 0, 0, 0, 0, 0, 0, 0, 0, 0]

Source: 1
Destination: 4
Path: 1 -> 2 -> 4
SP Length (km): 1800
Bandwidth (Gbps): 363
Selected Modulation Format: 8-QAM
FS Capacity: 12.5 GHz
Efficiency: 3
Slots needed (excluding guard bit): 10

Checking for path:  ['1', '2', '4']
  Allocated per link: [(frozenset({'2', '1'}), 2, 0), (frozenset({'2', '4'}), 1, 0)]

Current Slot Usage:
2 - 1:
  Core 1: [1, 1, 1, 1, 1, 1, 1, 1, 'G', 0, 0, 0, 0, 0, 0, 0, 0, 0, 0, 0]
  Core 2: [1, 1, 1, 1, 1, 1, 1, 1, 1, 1, 'G', 0, 0, 0, 0, 0, 0, 0, 0, 0]
  Core 3: [0, 0, 0, 0, 0, 0, 0, 0, 0, 0, 0, 0, 0, 0, 0, 0, 0, 0, 0, 0]
  Core 4: [0, 0, 0, 0, 0, 0, 0, 0, 0, 0, 0, 0, 0, 0, 0, 0, 0, 0, 0, 0]
  Core 5: [0, 0, 0, 0, 0, 0, 0, 0, 0, 0, 0, 0, 0, 0, 0, 0, 0, 0, 0, 0]
  Core 6: [0, 0, 0, 0, 0, 0, 0, 0, 0, 0, 0, 0, 0, 0, 0, 0, 0, 0, 0, 0]
  Core 7: [0, 0, 0, 0, 0, 0, 0, 0, 0, 0, 0, 0, 0, 0, 0, 0, 0, 0, 0, 0]
3 - 1:
  Core 1: [1, 1, 1, 1, 1, 1, 1, 1, 1, 1, 'G', 0, 0, 0, 0, 0, 0, 0, 0, 0]
  Core 2: [0, 0, 0, 0, 0, 0, 0, 0, 0, 0, 0, 0, 0, 0, 0, 0, 0, 0, 0, 0]
  Core 3: [0, 0, 0, 0, 0, 0, 0, 0, 0, 0, 0, 0, 0, 0, 0, 0, 0, 0, 0, 0]
  Core 4: [0, 0, 0, 0, 0, 0, 0, 0, 0, 0, 0, 0, 0, 0, 0, 0, 0, 0, 0, 0]
  Core 5: [0, 0, 0, 0, 0, 0, 0, 0, 0, 0, 0, 0, 0, 0, 0, 0, 0, 0, 0, 0]
  Core 6: [0, 0, 0, 0, 0, 0, 0, 0, 0, 0, 0, 0, 0, 0, 0, 0, 0, 0, 0, 0]
  Core 7: [0, 0, 0, 0, 0, 0, 0, 0, 0, 0, 0, 0, 0, 0, 0, 0, 0, 0, 0, 0]
2 - 3:
  Core 1: [0, 0, 0, 0, 0, 0, 0, 0, 0, 0, 0, 0, 0, 0, 0, 0, 0, 0, 0, 0]
  Core 2: [0, 0, 0, 0, 0, 0, 0, 0, 0, 0, 0, 0, 0, 0, 0, 0, 0, 0, 0, 0]
  Core 3: [0, 0, 0, 0, 0, 0, 0, 0, 0, 0, 0, 0, 0, 0, 0, 0, 0, 0, 0, 0]
  Core 4: [0, 0, 0, 0, 0, 0, 0, 0, 0, 0, 0, 0, 0, 0, 0, 0, 0, 0, 0, 0]
  Core 5: [0, 0, 0, 0, 0, 0, 0, 0, 0, 0, 0, 0, 0, 0, 0, 0, 0, 0, 0, 0]
  Core 6: [0, 0, 0, 0, 0, 0, 0, 0, 0, 0, 0, 0, 0, 0, 0, 0, 0, 0, 0, 0]
  Core 7: [0, 0, 0, 0, 0, 0, 0, 0, 0, 0, 0, 0, 0, 0, 0, 0, 0, 0, 0, 0]
2 - 4:
  Core 1: [1, 1, 1, 1, 1, 1, 1, 1, 1, 1, 'G', 0, 0, 0, 0, 0, 0, 0, 0, 0]
  Core 2: [0, 0, 0, 0, 0, 0, 0, 0, 0, 0, 0, 0, 0, 0, 0, 0, 0, 0, 0, 0]
  Core 3: [0, 0, 0, 0, 0, 0, 0, 0, 0, 0, 0, 0, 0, 0, 0, 0, 0, 0, 0, 0]
  Core 4: [0, 0, 0, 0, 0, 0, 0, 0, 0, 0, 0, 0, 0, 0, 0, 0, 0, 0, 0, 0]
  Core 5: [0, 0, 0, 0, 0, 0, 0, 0, 0, 0, 0, 0, 0, 0, 0, 0, 0, 0, 0, 0]
  Core 6: [0, 0, 0, 0, 0, 0, 0, 0, 0, 0, 0, 0, 0, 0, 0, 0, 0, 0, 0, 0]
  Core 7: [0, 0, 0, 0, 0, 0, 0, 0, 0, 0, 0, 0, 0, 0, 0, 0, 0, 0, 0, 0]
2 - 5:
  Core 1: [0, 0, 0, 0, 0, 0, 0, 0, 0, 0, 0, 0, 0, 0, 0, 0, 0, 0, 0, 0]
  Core 2: [0, 0, 0, 0, 0, 0, 0, 0, 0, 0, 0, 0, 0, 0, 0, 0, 0, 0, 0, 0]
  Core 3: [0, 0, 0, 0, 0, 0, 0, 0, 0, 0, 0, 0, 0, 0, 0, 0, 0, 0, 0, 0]
  Core 4: [0, 0, 0, 0, 0, 0, 0, 0, 0, 0, 0, 0, 0, 0, 0, 0, 0, 0, 0, 0]
  Core 5: [0, 0, 0, 0, 0, 0, 0, 0, 0, 0, 0, 0, 0, 0, 0, 0, 0, 0, 0, 0]
  Core 6: [0, 0, 0, 0, 0, 0, 0, 0, 0, 0, 0, 0, 0, 0, 0, 0, 0, 0, 0, 0]
  Core 7: [0, 0, 0, 0, 0, 0, 0, 0, 0, 0, 0, 0, 0, 0, 0, 0, 0, 0, 0, 0]
5 - 3:
  Core 1: [0, 0, 0, 0, 0, 0, 0, 0, 0, 0, 0, 0, 0, 0, 0, 0, 0, 0, 0, 0]
  Core 2: [0, 0, 0, 0, 0, 0, 0, 0, 0, 0, 0, 0, 0, 0, 0, 0, 0, 0, 0, 0]
  Core 3: [0, 0, 0, 0, 0, 0, 0, 0, 0, 0, 0, 0, 0, 0, 0, 0, 0, 0, 0, 0]
  Core 4: [0, 0, 0, 0, 0, 0, 0, 0, 0, 0, 0, 0, 0, 0, 0, 0, 0, 0, 0, 0]
  Core 5: [0, 0, 0, 0, 0, 0, 0, 0, 0, 0, 0, 0, 0, 0, 0, 0, 0, 0, 0, 0]
  Core 6: [0, 0, 0, 0, 0, 0, 0, 0, 0, 0, 0, 0, 0, 0, 0, 0, 0, 0, 0, 0]
  Core 7: [0, 0, 0, 0, 0, 0, 0, 0, 0, 0, 0, 0, 0, 0, 0, 0, 0, 0, 0, 0]
5 - 4:
  Core 1: [0, 0, 0, 0, 0, 0, 0, 0, 0, 0, 0, 0, 0, 0, 0, 0, 0, 0, 0, 0]
  Core 2: [0, 0, 0, 0, 0, 0, 0, 0, 0, 0, 0, 0, 0, 0, 0, 0, 0, 0, 0, 0]
  Core 3: [0, 0, 0, 0, 0, 0, 0, 0, 0, 0, 0, 0, 0, 0, 0, 0, 0, 0, 0, 0]
  Core 4: [0, 0, 0, 0, 0, 0, 0, 0, 0, 0, 0, 0, 0, 0, 0, 0, 0, 0, 0, 0]
  Core 5: [0, 0, 0, 0, 0, 0, 0, 0, 0, 0, 0, 0, 0, 0, 0, 0, 0, 0, 0, 0]
  Core 6: [0, 0, 0, 0, 0, 0, 0, 0, 0, 0, 0, 0, 0, 0, 0, 0, 0, 0, 0, 0]
  Core 7: [0, 0, 0, 0, 0, 0, 0, 0, 0, 0, 0, 0, 0, 0, 0, 0, 0, 0, 0, 0]
6 - 4:
  Core 1: [0, 0, 0, 0, 0, 0, 0, 0, 0, 0, 0, 0, 0, 0, 0, 0, 0, 0, 0, 0]
  Core 2: [0, 0, 0, 0, 0, 0, 0, 0, 0, 0, 0, 0, 0, 0, 0, 0, 0, 0, 0, 0]
  Core 3: [0, 0, 0, 0, 0, 0, 0, 0, 0, 0, 0, 0, 0, 0, 0, 0, 0, 0, 0, 0]
  Core 4: [0, 0, 0, 0, 0, 0, 0, 0, 0, 0, 0, 0, 0, 0, 0, 0, 0, 0, 0, 0]
  Core 5: [0, 0, 0, 0, 0, 0, 0, 0, 0, 0, 0, 0, 0, 0, 0, 0, 0, 0, 0, 0]
  Core 6: [0, 0, 0, 0, 0, 0, 0, 0, 0, 0, 0, 0, 0, 0, 0, 0, 0, 0, 0, 0]
  Core 7: [0, 0, 0, 0, 0, 0, 0, 0, 0, 0, 0, 0, 0, 0, 0, 0, 0, 0, 0, 0]
6 - 5:
  Core 1: [0, 0, 0, 0, 0, 0, 0, 0, 0, 0, 0, 0, 0, 0, 0, 0, 0, 0, 0, 0]
  Core 2: [0, 0, 0, 0, 0, 0, 0, 0, 0, 0, 0, 0, 0, 0, 0, 0, 0, 0, 0, 0]
  Core 3: [0, 0, 0, 0, 0, 0, 0, 0, 0, 0, 0, 0, 0, 0, 0, 0, 0, 0, 0, 0]
  Core 4: [0, 0, 0, 0, 0, 0, 0, 0, 0, 0, 0, 0, 0, 0, 0, 0, 0, 0, 0, 0]
  Core 5: [0, 0, 0, 0, 0, 0, 0, 0, 0, 0, 0, 0, 0, 0, 0, 0, 0, 0, 0, 0]
  Core 6: [0, 0, 0, 0, 0, 0, 0, 0, 0, 0, 0, 0, 0, 0, 0, 0, 0, 0, 0, 0]
  Core 7: [0, 0, 0, 0, 0, 0, 0, 0, 0, 0, 0, 0, 0, 0, 0, 0, 0, 0, 0, 0]

Source: 1
Destination: 5
Path: 1 -> 2 -> 5
SP Length (km): 2000
Bandwidth (Gbps): 386
Selected Modulation Format: 8-QAM
FS Capacity: 12.5 GHz
Efficiency: 3
Slots needed (excluding guard bit): 11

Checking for path:  ['1', '2', '5']
  Allocated per link: [(frozenset({'2', '1'}), 4, 0), (frozenset({'2', '5'}), 1, 0)]

Current Slot Usage:
2 - 1:
  Core 1: [1, 1, 1, 1, 1, 1, 1, 1, 'G', 0, 0, 0, 0, 0, 0, 0, 0, 0, 0, 0]
  Core 2: [1, 1, 1, 1, 1, 1, 1, 1, 1, 1, 'G', 0, 0, 0, 0, 0, 0, 0, 0, 0]
  Core 3: [0, 0, 0, 0, 0, 0, 0, 0, 0, 0, 0, 0, 0, 0, 0, 0, 0, 0, 0, 0]
  Core 4: [1, 1, 1, 1, 1, 1, 1, 1, 1, 1, 1, 'G', 0, 0, 0, 0, 0, 0, 0, 0]
  Core 5: [0, 0, 0, 0, 0, 0, 0, 0, 0, 0, 0, 0, 0, 0, 0, 0, 0, 0, 0, 0]
  Core 6: [0, 0, 0, 0, 0, 0, 0, 0, 0, 0, 0, 0, 0, 0, 0, 0, 0, 0, 0, 0]
  Core 7: [0, 0, 0, 0, 0, 0, 0, 0, 0, 0, 0, 0, 0, 0, 0, 0, 0, 0, 0, 0]
3 - 1:
  Core 1: [1, 1, 1, 1, 1, 1, 1, 1, 1, 1, 'G', 0, 0, 0, 0, 0, 0, 0, 0, 0]
  Core 2: [0, 0, 0, 0, 0, 0, 0, 0, 0, 0, 0, 0, 0, 0, 0, 0, 0, 0, 0, 0]
  Core 3: [0, 0, 0, 0, 0, 0, 0, 0, 0, 0, 0, 0, 0, 0, 0, 0, 0, 0, 0, 0]
  Core 4: [0, 0, 0, 0, 0, 0, 0, 0, 0, 0, 0, 0, 0, 0, 0, 0, 0, 0, 0, 0]
  Core 5: [0, 0, 0, 0, 0, 0, 0, 0, 0, 0, 0, 0, 0, 0, 0, 0, 0, 0, 0, 0]
  Core 6: [0, 0, 0, 0, 0, 0, 0, 0, 0, 0, 0, 0, 0, 0, 0, 0, 0, 0, 0, 0]
  Core 7: [0, 0, 0, 0, 0, 0, 0, 0, 0, 0, 0, 0, 0, 0, 0, 0, 0, 0, 0, 0]
2 - 3:
  Core 1: [0, 0, 0, 0, 0, 0, 0, 0, 0, 0, 0, 0, 0, 0, 0, 0, 0, 0, 0, 0]
  Core 2: [0, 0, 0, 0, 0, 0, 0, 0, 0, 0, 0, 0, 0, 0, 0, 0, 0, 0, 0, 0]
  Core 3: [0, 0, 0, 0, 0, 0, 0, 0, 0, 0, 0, 0, 0, 0, 0, 0, 0, 0, 0, 0]
  Core 4: [0, 0, 0, 0, 0, 0, 0, 0, 0, 0, 0, 0, 0, 0, 0, 0, 0, 0, 0, 0]
  Core 5: [0, 0, 0, 0, 0, 0, 0, 0, 0, 0, 0, 0, 0, 0, 0, 0, 0, 0, 0, 0]
  Core 6: [0, 0, 0, 0, 0, 0, 0, 0, 0, 0, 0, 0, 0, 0, 0, 0, 0, 0, 0, 0]
  Core 7: [0, 0, 0, 0, 0, 0, 0, 0, 0, 0, 0, 0, 0, 0, 0, 0, 0, 0, 0, 0]
2 - 4:
  Core 1: [1, 1, 1, 1, 1, 1, 1, 1, 1, 1, 'G', 0, 0, 0, 0, 0, 0, 0, 0, 0]
  Core 2: [0, 0, 0, 0, 0, 0, 0, 0, 0, 0, 0, 0, 0, 0, 0, 0, 0, 0, 0, 0]
  Core 3: [0, 0, 0, 0, 0, 0, 0, 0, 0, 0, 0, 0, 0, 0, 0, 0, 0, 0, 0, 0]
  Core 4: [0, 0, 0, 0, 0, 0, 0, 0, 0, 0, 0, 0, 0, 0, 0, 0, 0, 0, 0, 0]
  Core 5: [0, 0, 0, 0, 0, 0, 0, 0, 0, 0, 0, 0, 0, 0, 0, 0, 0, 0, 0, 0]
  Core 6: [0, 0, 0, 0, 0, 0, 0, 0, 0, 0, 0, 0, 0, 0, 0, 0, 0, 0, 0, 0]
  Core 7: [0, 0, 0, 0, 0, 0, 0, 0, 0, 0, 0, 0, 0, 0, 0, 0, 0, 0, 0, 0]
2 - 5:
  Core 1: [1, 1, 1, 1, 1, 1, 1, 1, 1, 1, 1, 'G', 0, 0, 0, 0, 0, 0, 0, 0]
  Core 2: [0, 0, 0, 0, 0, 0, 0, 0, 0, 0, 0, 0, 0, 0, 0, 0, 0, 0, 0, 0]
  Core 3: [0, 0, 0, 0, 0, 0, 0, 0, 0, 0, 0, 0, 0, 0, 0, 0, 0, 0, 0, 0]
  Core 4: [0, 0, 0, 0, 0, 0, 0, 0, 0, 0, 0, 0, 0, 0, 0, 0, 0, 0, 0, 0]
  Core 5: [0, 0, 0, 0, 0, 0, 0, 0, 0, 0, 0, 0, 0, 0, 0, 0, 0, 0, 0, 0]
  Core 6: [0, 0, 0, 0, 0, 0, 0, 0, 0, 0, 0, 0, 0, 0, 0, 0, 0, 0, 0, 0]
  Core 7: [0, 0, 0, 0, 0, 0, 0, 0, 0, 0, 0, 0, 0, 0, 0, 0, 0, 0, 0, 0]
5 - 3:
  Core 1: [0, 0, 0, 0, 0, 0, 0, 0, 0, 0, 0, 0, 0, 0, 0, 0, 0, 0, 0, 0]
  Core 2: [0, 0, 0, 0, 0, 0, 0, 0, 0, 0, 0, 0, 0, 0, 0, 0, 0, 0, 0, 0]
  Core 3: [0, 0, 0, 0, 0, 0, 0, 0, 0, 0, 0, 0, 0, 0, 0, 0, 0, 0, 0, 0]
  Core 4: [0, 0, 0, 0, 0, 0, 0, 0, 0, 0, 0, 0, 0, 0, 0, 0, 0, 0, 0, 0]
  Core 5: [0, 0, 0, 0, 0, 0, 0, 0, 0, 0, 0, 0, 0, 0, 0, 0, 0, 0, 0, 0]
  Core 6: [0, 0, 0, 0, 0, 0, 0, 0, 0, 0, 0, 0, 0, 0, 0, 0, 0, 0, 0, 0]
  Core 7: [0, 0, 0, 0, 0, 0, 0, 0, 0, 0, 0, 0, 0, 0, 0, 0, 0, 0, 0, 0]
5 - 4:
  Core 1: [0, 0, 0, 0, 0, 0, 0, 0, 0, 0, 0, 0, 0, 0, 0, 0, 0, 0, 0, 0]
  Core 2: [0, 0, 0, 0, 0, 0, 0, 0, 0, 0, 0, 0, 0, 0, 0, 0, 0, 0, 0, 0]
  Core 3: [0, 0, 0, 0, 0, 0, 0, 0, 0, 0, 0, 0, 0, 0, 0, 0, 0, 0, 0, 0]
  Core 4: [0, 0, 0, 0, 0, 0, 0, 0, 0, 0, 0, 0, 0, 0, 0, 0, 0, 0, 0, 0]
  Core 5: [0, 0, 0, 0, 0, 0, 0, 0, 0, 0, 0, 0, 0, 0, 0, 0, 0, 0, 0, 0]
  Core 6: [0, 0, 0, 0, 0, 0, 0, 0, 0, 0, 0, 0, 0, 0, 0, 0, 0, 0, 0, 0]
  Core 7: [0, 0, 0, 0, 0, 0, 0, 0, 0, 0, 0, 0, 0, 0, 0, 0, 0, 0, 0, 0]
6 - 4:
  Core 1: [0, 0, 0, 0, 0, 0, 0, 0, 0, 0, 0, 0, 0, 0, 0, 0, 0, 0, 0, 0]
  Core 2: [0, 0, 0, 0, 0, 0, 0, 0, 0, 0, 0, 0, 0, 0, 0, 0, 0, 0, 0, 0]
  Core 3: [0, 0, 0, 0, 0, 0, 0, 0, 0, 0, 0, 0, 0, 0, 0, 0, 0, 0, 0, 0]
  Core 4: [0, 0, 0, 0, 0, 0, 0, 0, 0, 0, 0, 0, 0, 0, 0, 0, 0, 0, 0, 0]
  Core 5: [0, 0, 0, 0, 0, 0, 0, 0, 0, 0, 0, 0, 0, 0, 0, 0, 0, 0, 0, 0]
  Core 6: [0, 0, 0, 0, 0, 0, 0, 0, 0, 0, 0, 0, 0, 0, 0, 0, 0, 0, 0, 0]
  Core 7: [0, 0, 0, 0, 0, 0, 0, 0, 0, 0, 0, 0, 0, 0, 0, 0, 0, 0, 0, 0]
6 - 5:
  Core 1: [0, 0, 0, 0, 0, 0, 0, 0, 0, 0, 0, 0, 0, 0, 0, 0, 0, 0, 0, 0]
  Core 2: [0, 0, 0, 0, 0, 0, 0, 0, 0, 0, 0, 0, 0, 0, 0, 0, 0, 0, 0, 0]
  Core 3: [0, 0, 0, 0, 0, 0, 0, 0, 0, 0, 0, 0, 0, 0, 0, 0, 0, 0, 0, 0]
  Core 4: [0, 0, 0, 0, 0, 0, 0, 0, 0, 0, 0, 0, 0, 0, 0, 0, 0, 0, 0, 0]
  Core 5: [0, 0, 0, 0, 0, 0, 0, 0, 0, 0, 0, 0, 0, 0, 0, 0, 0, 0, 0, 0]
  Core 6: [0, 0, 0, 0, 0, 0, 0, 0, 0, 0, 0, 0, 0, 0, 0, 0, 0, 0, 0, 0]
  Core 7: [0, 0, 0, 0, 0, 0, 0, 0, 0, 0, 0, 0, 0, 0, 0, 0, 0, 0, 0, 0]

Source: 1
Destination: 6
Path: 1 -> 2 -> 4 -> 6
SP Length (km): 2800
Bandwidth (Gbps): 156
Selected Modulation Format: QPSK
FS Capacity: 12.5 GHz
Efficiency: 2
Slots needed (excluding guard bit): 7

Checking for path:  ['1', '2', '4', '6']
  Allocated per link: [(frozenset({'2', '1'}), 5, 0), (frozenset({'2', '4'}), 2, 0), (frozenset({'6', '4'}), 1, 0)]

Current Slot Usage:
2 - 1:
  Core 1: [1, 1, 1, 1, 1, 1, 1, 1, 'G', 0, 0, 0, 0, 0, 0, 0, 0, 0, 0, 0]
  Core 2: [1, 1, 1, 1, 1, 1, 1, 1, 1, 1, 'G', 0, 0, 0, 0, 0, 0, 0, 0, 0]
  Core 3: [0, 0, 0, 0, 0, 0, 0, 0, 0, 0, 0, 0, 0, 0, 0, 0, 0, 0, 0, 0]
  Core 4: [1, 1, 1, 1, 1, 1, 1, 1, 1, 1, 1, 'G', 0, 0, 0, 0, 0, 0, 0, 0]
  Core 5: [1, 1, 1, 1, 1, 1, 1, 'G', 0, 0, 0, 0, 0, 0, 0, 0, 0, 0, 0, 0]
  Core 6: [0, 0, 0, 0, 0, 0, 0, 0, 0, 0, 0, 0, 0, 0, 0, 0, 0, 0, 0, 0]
  Core 7: [0, 0, 0, 0, 0, 0, 0, 0, 0, 0, 0, 0, 0, 0, 0, 0, 0, 0, 0, 0]
3 - 1:
  Core 1: [1, 1, 1, 1, 1, 1, 1, 1, 1, 1, 'G', 0, 0, 0, 0, 0, 0, 0, 0, 0]
  Core 2: [0, 0, 0, 0, 0, 0, 0, 0, 0, 0, 0, 0, 0, 0, 0, 0, 0, 0, 0, 0]
  Core 3: [0, 0, 0, 0, 0, 0, 0, 0, 0, 0, 0, 0, 0, 0, 0, 0, 0, 0, 0, 0]
  Core 4: [0, 0, 0, 0, 0, 0, 0, 0, 0, 0, 0, 0, 0, 0, 0, 0, 0, 0, 0, 0]
  Core 5: [0, 0, 0, 0, 0, 0, 0, 0, 0, 0, 0, 0, 0, 0, 0, 0, 0, 0, 0, 0]
  Core 6: [0, 0, 0, 0, 0, 0, 0, 0, 0, 0, 0, 0, 0, 0, 0, 0, 0, 0, 0, 0]
  Core 7: [0, 0, 0, 0, 0, 0, 0, 0, 0, 0, 0, 0, 0, 0, 0, 0, 0, 0, 0, 0]
2 - 3:
  Core 1: [0, 0, 0, 0, 0, 0, 0, 0, 0, 0, 0, 0, 0, 0, 0, 0, 0, 0, 0, 0]
  Core 2: [0, 0, 0, 0, 0, 0, 0, 0, 0, 0, 0, 0, 0, 0, 0, 0, 0, 0, 0, 0]
  Core 3: [0, 0, 0, 0, 0, 0, 0, 0, 0, 0, 0, 0, 0, 0, 0, 0, 0, 0, 0, 0]
  Core 4: [0, 0, 0, 0, 0, 0, 0, 0, 0, 0, 0, 0, 0, 0, 0, 0, 0, 0, 0, 0]
  Core 5: [0, 0, 0, 0, 0, 0, 0, 0, 0, 0, 0, 0, 0, 0, 0, 0, 0, 0, 0, 0]
  Core 6: [0, 0, 0, 0, 0, 0, 0, 0, 0, 0, 0, 0, 0, 0, 0, 0, 0, 0, 0, 0]
  Core 7: [0, 0, 0, 0, 0, 0, 0, 0, 0, 0, 0, 0, 0, 0, 0, 0, 0, 0, 0, 0]
2 - 4:
  Core 1: [1, 1, 1, 1, 1, 1, 1, 1, 1, 1, 'G', 0, 0, 0, 0, 0, 0, 0, 0, 0]
  Core 2: [1, 1, 1, 1, 1, 1, 1, 'G', 0, 0, 0, 0, 0, 0, 0, 0, 0, 0, 0, 0]
  Core 3: [0, 0, 0, 0, 0, 0, 0, 0, 0, 0, 0, 0, 0, 0, 0, 0, 0, 0, 0, 0]
  Core 4: [0, 0, 0, 0, 0, 0, 0, 0, 0, 0, 0, 0, 0, 0, 0, 0, 0, 0, 0, 0]
  Core 5: [0, 0, 0, 0, 0, 0, 0, 0, 0, 0, 0, 0, 0, 0, 0, 0, 0, 0, 0, 0]
  Core 6: [0, 0, 0, 0, 0, 0, 0, 0, 0, 0, 0, 0, 0, 0, 0, 0, 0, 0, 0, 0]
  Core 7: [0, 0, 0, 0, 0, 0, 0, 0, 0, 0, 0, 0, 0, 0, 0, 0, 0, 0, 0, 0]
2 - 5:
  Core 1: [1, 1, 1, 1, 1, 1, 1, 1, 1, 1, 1, 'G', 0, 0, 0, 0, 0, 0, 0, 0]
  Core 2: [0, 0, 0, 0, 0, 0, 0, 0, 0, 0, 0, 0, 0, 0, 0, 0, 0, 0, 0, 0]
  Core 3: [0, 0, 0, 0, 0, 0, 0, 0, 0, 0, 0, 0, 0, 0, 0, 0, 0, 0, 0, 0]
  Core 4: [0, 0, 0, 0, 0, 0, 0, 0, 0, 0, 0, 0, 0, 0, 0, 0, 0, 0, 0, 0]
  Core 5: [0, 0, 0, 0, 0, 0, 0, 0, 0, 0, 0, 0, 0, 0, 0, 0, 0, 0, 0, 0]
  Core 6: [0, 0, 0, 0, 0, 0, 0, 0, 0, 0, 0, 0, 0, 0, 0, 0, 0, 0, 0, 0]
  Core 7: [0, 0, 0, 0, 0, 0, 0, 0, 0, 0, 0, 0, 0, 0, 0, 0, 0, 0, 0, 0]
5 - 3:
  Core 1: [0, 0, 0, 0, 0, 0, 0, 0, 0, 0, 0, 0, 0, 0, 0, 0, 0, 0, 0, 0]
  Core 2: [0, 0, 0, 0, 0, 0, 0, 0, 0, 0, 0, 0, 0, 0, 0, 0, 0, 0, 0, 0]
  Core 3: [0, 0, 0, 0, 0, 0, 0, 0, 0, 0, 0, 0, 0, 0, 0, 0, 0, 0, 0, 0]
  Core 4: [0, 0, 0, 0, 0, 0, 0, 0, 0, 0, 0, 0, 0, 0, 0, 0, 0, 0, 0, 0]
  Core 5: [0, 0, 0, 0, 0, 0, 0, 0, 0, 0, 0, 0, 0, 0, 0, 0, 0, 0, 0, 0]
  Core 6: [0, 0, 0, 0, 0, 0, 0, 0, 0, 0, 0, 0, 0, 0, 0, 0, 0, 0, 0, 0]
  Core 7: [0, 0, 0, 0, 0, 0, 0, 0, 0, 0, 0, 0, 0, 0, 0, 0, 0, 0, 0, 0]
5 - 4:
  Core 1: [0, 0, 0, 0, 0, 0, 0, 0, 0, 0, 0, 0, 0, 0, 0, 0, 0, 0, 0, 0]
  Core 2: [0, 0, 0, 0, 0, 0, 0, 0, 0, 0, 0, 0, 0, 0, 0, 0, 0, 0, 0, 0]
  Core 3: [0, 0, 0, 0, 0, 0, 0, 0, 0, 0, 0, 0, 0, 0, 0, 0, 0, 0, 0, 0]
  Core 4: [0, 0, 0, 0, 0, 0, 0, 0, 0, 0, 0, 0, 0, 0, 0, 0, 0, 0, 0, 0]
  Core 5: [0, 0, 0, 0, 0, 0, 0, 0, 0, 0, 0, 0, 0, 0, 0, 0, 0, 0, 0, 0]
  Core 6: [0, 0, 0, 0, 0, 0, 0, 0, 0, 0, 0, 0, 0, 0, 0, 0, 0, 0, 0, 0]
  Core 7: [0, 0, 0, 0, 0, 0, 0, 0, 0, 0, 0, 0, 0, 0, 0, 0, 0, 0, 0, 0]
6 - 4:
  Core 1: [1, 1, 1, 1, 1, 1, 1, 'G', 0, 0, 0, 0, 0, 0, 0, 0, 0, 0, 0, 0]
  Core 2: [0, 0, 0, 0, 0, 0, 0, 0, 0, 0, 0, 0, 0, 0, 0, 0, 0, 0, 0, 0]
  Core 3: [0, 0, 0, 0, 0, 0, 0, 0, 0, 0, 0, 0, 0, 0, 0, 0, 0, 0, 0, 0]
  Core 4: [0, 0, 0, 0, 0, 0, 0, 0, 0, 0, 0, 0, 0, 0, 0, 0, 0, 0, 0, 0]
  Core 5: [0, 0, 0, 0, 0, 0, 0, 0, 0, 0, 0, 0, 0, 0, 0, 0, 0, 0, 0, 0]
  Core 6: [0, 0, 0, 0, 0, 0, 0, 0, 0, 0, 0, 0, 0, 0, 0, 0, 0, 0, 0, 0]
  Core 7: [0, 0, 0, 0, 0, 0, 0, 0, 0, 0, 0, 0, 0, 0, 0, 0, 0, 0, 0, 0]
6 - 5:
  Core 1: [0, 0, 0, 0, 0, 0, 0, 0, 0, 0, 0, 0, 0, 0, 0, 0, 0, 0, 0, 0]
  Core 2: [0, 0, 0, 0, 0, 0, 0, 0, 0, 0, 0, 0, 0, 0, 0, 0, 0, 0, 0, 0]
  Core 3: [0, 0, 0, 0, 0, 0, 0, 0, 0, 0, 0, 0, 0, 0, 0, 0, 0, 0, 0, 0]
  Core 4: [0, 0, 0, 0, 0, 0, 0, 0, 0, 0, 0, 0, 0, 0, 0, 0, 0, 0, 0, 0]
  Core 5: [0, 0, 0, 0, 0, 0, 0, 0, 0, 0, 0, 0, 0, 0, 0, 0, 0, 0, 0, 0]
  Core 6: [0, 0, 0, 0, 0, 0, 0, 0, 0, 0, 0, 0, 0, 0, 0, 0, 0, 0, 0, 0]
  Core 7: [0, 0, 0, 0, 0, 0, 0, 0, 0, 0, 0, 0, 0, 0, 0, 0, 0, 0, 0, 0]

Source: 2
Destination: 1
Path: 2 -> 1
SP Length (km): 1000
Bandwidth (Gbps): 342
Selected Modulation Format: 16-QAM
FS Capacity: 12.5 GHz
Efficiency: 4
Slots needed (excluding guard bit): 7

Checking for path:  ['2', '1']
  Allocated per link: [(frozenset({'2', '1'}), 6, 0)]

Current Slot Usage:
2 - 1:
  Core 1: [1, 1, 1, 1, 1, 1, 1, 1, 'G', 0, 0, 0, 0, 0, 0, 0, 0, 0, 0, 0]
  Core 2: [1, 1, 1, 1, 1, 1, 1, 1, 1, 1, 'G', 0, 0, 0, 0, 0, 0, 0, 0, 0]
  Core 3: [0, 0, 0, 0, 0, 0, 0, 0, 0, 0, 0, 0, 0, 0, 0, 0, 0, 0, 0, 0]
  Core 4: [1, 1, 1, 1, 1, 1, 1, 1, 1, 1, 1, 'G', 0, 0, 0, 0, 0, 0, 0, 0]
  Core 5: [1, 1, 1, 1, 1, 1, 1, 'G', 0, 0, 0, 0, 0, 0, 0, 0, 0, 0, 0, 0]
  Core 6: [1, 1, 1, 1, 1, 1, 1, 'G', 0, 0, 0, 0, 0, 0, 0, 0, 0, 0, 0, 0]
  Core 7: [0, 0, 0, 0, 0, 0, 0, 0, 0, 0, 0, 0, 0, 0, 0, 0, 0, 0, 0, 0]
3 - 1:
  Core 1: [1, 1, 1, 1, 1, 1, 1, 1, 1, 1, 'G', 0, 0, 0, 0, 0, 0, 0, 0, 0]
  Core 2: [0, 0, 0, 0, 0, 0, 0, 0, 0, 0, 0, 0, 0, 0, 0, 0, 0, 0, 0, 0]
  Core 3: [0, 0, 0, 0, 0, 0, 0, 0, 0, 0, 0, 0, 0, 0, 0, 0, 0, 0, 0, 0]
  Core 4: [0, 0, 0, 0, 0, 0, 0, 0, 0, 0, 0, 0, 0, 0, 0, 0, 0, 0, 0, 0]
  Core 5: [0, 0, 0, 0, 0, 0, 0, 0, 0, 0, 0, 0, 0, 0, 0, 0, 0, 0, 0, 0]
  Core 6: [0, 0, 0, 0, 0, 0, 0, 0, 0, 0, 0, 0, 0, 0, 0, 0, 0, 0, 0, 0]
  Core 7: [0, 0, 0, 0, 0, 0, 0, 0, 0, 0, 0, 0, 0, 0, 0, 0, 0, 0, 0, 0]
2 - 3:
  Core 1: [0, 0, 0, 0, 0, 0, 0, 0, 0, 0, 0, 0, 0, 0, 0, 0, 0, 0, 0, 0]
  Core 2: [0, 0, 0, 0, 0, 0, 0, 0, 0, 0, 0, 0, 0, 0, 0, 0, 0, 0, 0, 0]
  Core 3: [0, 0, 0, 0, 0, 0, 0, 0, 0, 0, 0, 0, 0, 0, 0, 0, 0, 0, 0, 0]
  Core 4: [0, 0, 0, 0, 0, 0, 0, 0, 0, 0, 0, 0, 0, 0, 0, 0, 0, 0, 0, 0]
  Core 5: [0, 0, 0, 0, 0, 0, 0, 0, 0, 0, 0, 0, 0, 0, 0, 0, 0, 0, 0, 0]
  Core 6: [0, 0, 0, 0, 0, 0, 0, 0, 0, 0, 0, 0, 0, 0, 0, 0, 0, 0, 0, 0]
  Core 7: [0, 0, 0, 0, 0, 0, 0, 0, 0, 0, 0, 0, 0, 0, 0, 0, 0, 0, 0, 0]
2 - 4:
  Core 1: [1, 1, 1, 1, 1, 1, 1, 1, 1, 1, 'G', 0, 0, 0, 0, 0, 0, 0, 0, 0]
  Core 2: [1, 1, 1, 1, 1, 1, 1, 'G', 0, 0, 0, 0, 0, 0, 0, 0, 0, 0, 0, 0]
  Core 3: [0, 0, 0, 0, 0, 0, 0, 0, 0, 0, 0, 0, 0, 0, 0, 0, 0, 0, 0, 0]
  Core 4: [0, 0, 0, 0, 0, 0, 0, 0, 0, 0, 0, 0, 0, 0, 0, 0, 0, 0, 0, 0]
  Core 5: [0, 0, 0, 0, 0, 0, 0, 0, 0, 0, 0, 0, 0, 0, 0, 0, 0, 0, 0, 0]
  Core 6: [0, 0, 0, 0, 0, 0, 0, 0, 0, 0, 0, 0, 0, 0, 0, 0, 0, 0, 0, 0]
  Core 7: [0, 0, 0, 0, 0, 0, 0, 0, 0, 0, 0, 0, 0, 0, 0, 0, 0, 0, 0, 0]
2 - 5:
  Core 1: [1, 1, 1, 1, 1, 1, 1, 1, 1, 1, 1, 'G', 0, 0, 0, 0, 0, 0, 0, 0]
  Core 2: [0, 0, 0, 0, 0, 0, 0, 0, 0, 0, 0, 0, 0, 0, 0, 0, 0, 0, 0, 0]
  Core 3: [0, 0, 0, 0, 0, 0, 0, 0, 0, 0, 0, 0, 0, 0, 0, 0, 0, 0, 0, 0]
  Core 4: [0, 0, 0, 0, 0, 0, 0, 0, 0, 0, 0, 0, 0, 0, 0, 0, 0, 0, 0, 0]
  Core 5: [0, 0, 0, 0, 0, 0, 0, 0, 0, 0, 0, 0, 0, 0, 0, 0, 0, 0, 0, 0]
  Core 6: [0, 0, 0, 0, 0, 0, 0, 0, 0, 0, 0, 0, 0, 0, 0, 0, 0, 0, 0, 0]
  Core 7: [0, 0, 0, 0, 0, 0, 0, 0, 0, 0, 0, 0, 0, 0, 0, 0, 0, 0, 0, 0]
5 - 3:
  Core 1: [0, 0, 0, 0, 0, 0, 0, 0, 0, 0, 0, 0, 0, 0, 0, 0, 0, 0, 0, 0]
  Core 2: [0, 0, 0, 0, 0, 0, 0, 0, 0, 0, 0, 0, 0, 0, 0, 0, 0, 0, 0, 0]
  Core 3: [0, 0, 0, 0, 0, 0, 0, 0, 0, 0, 0, 0, 0, 0, 0, 0, 0, 0, 0, 0]
  Core 4: [0, 0, 0, 0, 0, 0, 0, 0, 0, 0, 0, 0, 0, 0, 0, 0, 0, 0, 0, 0]
  Core 5: [0, 0, 0, 0, 0, 0, 0, 0, 0, 0, 0, 0, 0, 0, 0, 0, 0, 0, 0, 0]
  Core 6: [0, 0, 0, 0, 0, 0, 0, 0, 0, 0, 0, 0, 0, 0, 0, 0, 0, 0, 0, 0]
  Core 7: [0, 0, 0, 0, 0, 0, 0, 0, 0, 0, 0, 0, 0, 0, 0, 0, 0, 0, 0, 0]
5 - 4:
  Core 1: [0, 0, 0, 0, 0, 0, 0, 0, 0, 0, 0, 0, 0, 0, 0, 0, 0, 0, 0, 0]
  Core 2: [0, 0, 0, 0, 0, 0, 0, 0, 0, 0, 0, 0, 0, 0, 0, 0, 0, 0, 0, 0]
  Core 3: [0, 0, 0, 0, 0, 0, 0, 0, 0, 0, 0, 0, 0, 0, 0, 0, 0, 0, 0, 0]
  Core 4: [0, 0, 0, 0, 0, 0, 0, 0, 0, 0, 0, 0, 0, 0, 0, 0, 0, 0, 0, 0]
  Core 5: [0, 0, 0, 0, 0, 0, 0, 0, 0, 0, 0, 0, 0, 0, 0, 0, 0, 0, 0, 0]
  Core 6: [0, 0, 0, 0, 0, 0, 0, 0, 0, 0, 0, 0, 0, 0, 0, 0, 0, 0, 0, 0]
  Core 7: [0, 0, 0, 0, 0, 0, 0, 0, 0, 0, 0, 0, 0, 0, 0, 0, 0, 0, 0, 0]
6 - 4:
  Core 1: [1, 1, 1, 1, 1, 1, 1, 'G', 0, 0, 0, 0, 0, 0, 0, 0, 0, 0, 0, 0]
  Core 2: [0, 0, 0, 0, 0, 0, 0, 0, 0, 0, 0, 0, 0, 0, 0, 0, 0, 0, 0, 0]
  Core 3: [0, 0, 0, 0, 0, 0, 0, 0, 0, 0, 0, 0, 0, 0, 0, 0, 0, 0, 0, 0]
  Core 4: [0, 0, 0, 0, 0, 0, 0, 0, 0, 0, 0, 0, 0, 0, 0, 0, 0, 0, 0, 0]
  Core 5: [0, 0, 0, 0, 0, 0, 0, 0, 0, 0, 0, 0, 0, 0, 0, 0, 0, 0, 0, 0]
  Core 6: [0, 0, 0, 0, 0, 0, 0, 0, 0, 0, 0, 0, 0, 0, 0, 0, 0, 0, 0, 0]
  Core 7: [0, 0, 0, 0, 0, 0, 0, 0, 0, 0, 0, 0, 0, 0, 0, 0, 0, 0, 0, 0]
6 - 5:
  Core 1: [0, 0, 0, 0, 0, 0, 0, 0, 0, 0, 0, 0, 0, 0, 0, 0, 0, 0, 0, 0]
  Core 2: [0, 0, 0, 0, 0, 0, 0, 0, 0, 0, 0, 0, 0, 0, 0, 0, 0, 0, 0, 0]
  Core 3: [0, 0, 0, 0, 0, 0, 0, 0, 0, 0, 0, 0, 0, 0, 0, 0, 0, 0, 0, 0]
  Core 4: [0, 0, 0, 0, 0, 0, 0, 0, 0, 0, 0, 0, 0, 0, 0, 0, 0, 0, 0, 0]
  Core 5: [0, 0, 0, 0, 0, 0, 0, 0, 0, 0, 0, 0, 0, 0, 0, 0, 0, 0, 0, 0]
  Core 6: [0, 0, 0, 0, 0, 0, 0, 0, 0, 0, 0, 0, 0, 0, 0, 0, 0, 0, 0, 0]
  Core 7: [0, 0, 0, 0, 0, 0, 0, 0, 0, 0, 0, 0, 0, 0, 0, 0, 0, 0, 0, 0]

Source: 2
Destination: 3
Path: 2 -> 3
SP Length (km): 600
Bandwidth (Gbps): 133
Selected Modulation Format: 16-QAM
FS Capacity: 12.5 GHz
Efficiency: 4
Slots needed (excluding guard bit): 3

Checking for path:  ['2', '3']
  Allocated per link: [(frozenset({'2', '3'}), 1, 0)]

Current Slot Usage:
2 - 1:
  Core 1: [1, 1, 1, 1, 1, 1, 1, 1, 'G', 0, 0, 0, 0, 0, 0, 0, 0, 0, 0, 0]
  Core 2: [1, 1, 1, 1, 1, 1, 1, 1, 1, 1, 'G', 0, 0, 0, 0, 0, 0, 0, 0, 0]
  Core 3: [0, 0, 0, 0, 0, 0, 0, 0, 0, 0, 0, 0, 0, 0, 0, 0, 0, 0, 0, 0]
  Core 4: [1, 1, 1, 1, 1, 1, 1, 1, 1, 1, 1, 'G', 0, 0, 0, 0, 0, 0, 0, 0]
  Core 5: [1, 1, 1, 1, 1, 1, 1, 'G', 0, 0, 0, 0, 0, 0, 0, 0, 0, 0, 0, 0]
  Core 6: [1, 1, 1, 1, 1, 1, 1, 'G', 0, 0, 0, 0, 0, 0, 0, 0, 0, 0, 0, 0]
  Core 7: [0, 0, 0, 0, 0, 0, 0, 0, 0, 0, 0, 0, 0, 0, 0, 0, 0, 0, 0, 0]
3 - 1:
  Core 1: [1, 1, 1, 1, 1, 1, 1, 1, 1, 1, 'G', 0, 0, 0, 0, 0, 0, 0, 0, 0]
  Core 2: [0, 0, 0, 0, 0, 0, 0, 0, 0, 0, 0, 0, 0, 0, 0, 0, 0, 0, 0, 0]
  Core 3: [0, 0, 0, 0, 0, 0, 0, 0, 0, 0, 0, 0, 0, 0, 0, 0, 0, 0, 0, 0]
  Core 4: [0, 0, 0, 0, 0, 0, 0, 0, 0, 0, 0, 0, 0, 0, 0, 0, 0, 0, 0, 0]
  Core 5: [0, 0, 0, 0, 0, 0, 0, 0, 0, 0, 0, 0, 0, 0, 0, 0, 0, 0, 0, 0]
  Core 6: [0, 0, 0, 0, 0, 0, 0, 0, 0, 0, 0, 0, 0, 0, 0, 0, 0, 0, 0, 0]
  Core 7: [0, 0, 0, 0, 0, 0, 0, 0, 0, 0, 0, 0, 0, 0, 0, 0, 0, 0, 0, 0]
2 - 3:
  Core 1: [1, 1, 1, 'G', 0, 0, 0, 0, 0, 0, 0, 0, 0, 0, 0, 0, 0, 0, 0, 0]
  Core 2: [0, 0, 0, 0, 0, 0, 0, 0, 0, 0, 0, 0, 0, 0, 0, 0, 0, 0, 0, 0]
  Core 3: [0, 0, 0, 0, 0, 0, 0, 0, 0, 0, 0, 0, 0, 0, 0, 0, 0, 0, 0, 0]
  Core 4: [0, 0, 0, 0, 0, 0, 0, 0, 0, 0, 0, 0, 0, 0, 0, 0, 0, 0, 0, 0]
  Core 5: [0, 0, 0, 0, 0, 0, 0, 0, 0, 0, 0, 0, 0, 0, 0, 0, 0, 0, 0, 0]
  Core 6: [0, 0, 0, 0, 0, 0, 0, 0, 0, 0, 0, 0, 0, 0, 0, 0, 0, 0, 0, 0]
  Core 7: [0, 0, 0, 0, 0, 0, 0, 0, 0, 0, 0, 0, 0, 0, 0, 0, 0, 0, 0, 0]
2 - 4:
  Core 1: [1, 1, 1, 1, 1, 1, 1, 1, 1, 1, 'G', 0, 0, 0, 0, 0, 0, 0, 0, 0]
  Core 2: [1, 1, 1, 1, 1, 1, 1, 'G', 0, 0, 0, 0, 0, 0, 0, 0, 0, 0, 0, 0]
  Core 3: [0, 0, 0, 0, 0, 0, 0, 0, 0, 0, 0, 0, 0, 0, 0, 0, 0, 0, 0, 0]
  Core 4: [0, 0, 0, 0, 0, 0, 0, 0, 0, 0, 0, 0, 0, 0, 0, 0, 0, 0, 0, 0]
  Core 5: [0, 0, 0, 0, 0, 0, 0, 0, 0, 0, 0, 0, 0, 0, 0, 0, 0, 0, 0, 0]
  Core 6: [0, 0, 0, 0, 0, 0, 0, 0, 0, 0, 0, 0, 0, 0, 0, 0, 0, 0, 0, 0]
  Core 7: [0, 0, 0, 0, 0, 0, 0, 0, 0, 0, 0, 0, 0, 0, 0, 0, 0, 0, 0, 0]
2 - 5:
  Core 1: [1, 1, 1, 1, 1, 1, 1, 1, 1, 1, 1, 'G', 0, 0, 0, 0, 0, 0, 0, 0]
  Core 2: [0, 0, 0, 0, 0, 0, 0, 0, 0, 0, 0, 0, 0, 0, 0, 0, 0, 0, 0, 0]
  Core 3: [0, 0, 0, 0, 0, 0, 0, 0, 0, 0, 0, 0, 0, 0, 0, 0, 0, 0, 0, 0]
  Core 4: [0, 0, 0, 0, 0, 0, 0, 0, 0, 0, 0, 0, 0, 0, 0, 0, 0, 0, 0, 0]
  Core 5: [0, 0, 0, 0, 0, 0, 0, 0, 0, 0, 0, 0, 0, 0, 0, 0, 0, 0, 0, 0]
  Core 6: [0, 0, 0, 0, 0, 0, 0, 0, 0, 0, 0, 0, 0, 0, 0, 0, 0, 0, 0, 0]
  Core 7: [0, 0, 0, 0, 0, 0, 0, 0, 0, 0, 0, 0, 0, 0, 0, 0, 0, 0, 0, 0]
5 - 3:
  Core 1: [0, 0, 0, 0, 0, 0, 0, 0, 0, 0, 0, 0, 0, 0, 0, 0, 0, 0, 0, 0]
  Core 2: [0, 0, 0, 0, 0, 0, 0, 0, 0, 0, 0, 0, 0, 0, 0, 0, 0, 0, 0, 0]
  Core 3: [0, 0, 0, 0, 0, 0, 0, 0, 0, 0, 0, 0, 0, 0, 0, 0, 0, 0, 0, 0]
  Core 4: [0, 0, 0, 0, 0, 0, 0, 0, 0, 0, 0, 0, 0, 0, 0, 0, 0, 0, 0, 0]
  Core 5: [0, 0, 0, 0, 0, 0, 0, 0, 0, 0, 0, 0, 0, 0, 0, 0, 0, 0, 0, 0]
  Core 6: [0, 0, 0, 0, 0, 0, 0, 0, 0, 0, 0, 0, 0, 0, 0, 0, 0, 0, 0, 0]
  Core 7: [0, 0, 0, 0, 0, 0, 0, 0, 0, 0, 0, 0, 0, 0, 0, 0, 0, 0, 0, 0]
5 - 4:
  Core 1: [0, 0, 0, 0, 0, 0, 0, 0, 0, 0, 0, 0, 0, 0, 0, 0, 0, 0, 0, 0]
  Core 2: [0, 0, 0, 0, 0, 0, 0, 0, 0, 0, 0, 0, 0, 0, 0, 0, 0, 0, 0, 0]
  Core 3: [0, 0, 0, 0, 0, 0, 0, 0, 0, 0, 0, 0, 0, 0, 0, 0, 0, 0, 0, 0]
  Core 4: [0, 0, 0, 0, 0, 0, 0, 0, 0, 0, 0, 0, 0, 0, 0, 0, 0, 0, 0, 0]
  Core 5: [0, 0, 0, 0, 0, 0, 0, 0, 0, 0, 0, 0, 0, 0, 0, 0, 0, 0, 0, 0]
  Core 6: [0, 0, 0, 0, 0, 0, 0, 0, 0, 0, 0, 0, 0, 0, 0, 0, 0, 0, 0, 0]
  Core 7: [0, 0, 0, 0, 0, 0, 0, 0, 0, 0, 0, 0, 0, 0, 0, 0, 0, 0, 0, 0]
6 - 4:
  Core 1: [1, 1, 1, 1, 1, 1, 1, 'G', 0, 0, 0, 0, 0, 0, 0, 0, 0, 0, 0, 0]
  Core 2: [0, 0, 0, 0, 0, 0, 0, 0, 0, 0, 0, 0, 0, 0, 0, 0, 0, 0, 0, 0]
  Core 3: [0, 0, 0, 0, 0, 0, 0, 0, 0, 0, 0, 0, 0, 0, 0, 0, 0, 0, 0, 0]
  Core 4: [0, 0, 0, 0, 0, 0, 0, 0, 0, 0, 0, 0, 0, 0, 0, 0, 0, 0, 0, 0]
  Core 5: [0, 0, 0, 0, 0, 0, 0, 0, 0, 0, 0, 0, 0, 0, 0, 0, 0, 0, 0, 0]
  Core 6: [0, 0, 0, 0, 0, 0, 0, 0, 0, 0, 0, 0, 0, 0, 0, 0, 0, 0, 0, 0]
  Core 7: [0, 0, 0, 0, 0, 0, 0, 0, 0, 0, 0, 0, 0, 0, 0, 0, 0, 0, 0, 0]
6 - 5:
  Core 1: [0, 0, 0, 0, 0, 0, 0, 0, 0, 0, 0, 0, 0, 0, 0, 0, 0, 0, 0, 0]
  Core 2: [0, 0, 0, 0, 0, 0, 0, 0, 0, 0, 0, 0, 0, 0, 0, 0, 0, 0, 0, 0]
  Core 3: [0, 0, 0, 0, 0, 0, 0, 0, 0, 0, 0, 0, 0, 0, 0, 0, 0, 0, 0, 0]
  Core 4: [0, 0, 0, 0, 0, 0, 0, 0, 0, 0, 0, 0, 0, 0, 0, 0, 0, 0, 0, 0]
  Core 5: [0, 0, 0, 0, 0, 0, 0, 0, 0, 0, 0, 0, 0, 0, 0, 0, 0, 0, 0, 0]
  Core 6: [0, 0, 0, 0, 0, 0, 0, 0, 0, 0, 0, 0, 0, 0, 0, 0, 0, 0, 0, 0]
  Core 7: [0, 0, 0, 0, 0, 0, 0, 0, 0, 0, 0, 0, 0, 0, 0, 0, 0, 0, 0, 0]

Source: 2
Destination: 4
Path: 2 -> 4
SP Length (km): 800
Bandwidth (Gbps): 283
Selected Modulation Format: 16-QAM
FS Capacity: 12.5 GHz
Efficiency: 4
Slots needed (excluding guard bit): 6

Checking for path:  ['2', '4']
  Allocated per link: [(frozenset({'2', '4'}), 4, 0)]

Current Slot Usage:
2 - 1:
  Core 1: [1, 1, 1, 1, 1, 1, 1, 1, 'G', 0, 0, 0, 0, 0, 0, 0, 0, 0, 0, 0]
  Core 2: [1, 1, 1, 1, 1, 1, 1, 1, 1, 1, 'G', 0, 0, 0, 0, 0, 0, 0, 0, 0]
  Core 3: [0, 0, 0, 0, 0, 0, 0, 0, 0, 0, 0, 0, 0, 0, 0, 0, 0, 0, 0, 0]
  Core 4: [1, 1, 1, 1, 1, 1, 1, 1, 1, 1, 1, 'G', 0, 0, 0, 0, 0, 0, 0, 0]
  Core 5: [1, 1, 1, 1, 1, 1, 1, 'G', 0, 0, 0, 0, 0, 0, 0, 0, 0, 0, 0, 0]
  Core 6: [1, 1, 1, 1, 1, 1, 1, 'G', 0, 0, 0, 0, 0, 0, 0, 0, 0, 0, 0, 0]
  Core 7: [0, 0, 0, 0, 0, 0, 0, 0, 0, 0, 0, 0, 0, 0, 0, 0, 0, 0, 0, 0]
3 - 1:
  Core 1: [1, 1, 1, 1, 1, 1, 1, 1, 1, 1, 'G', 0, 0, 0, 0, 0, 0, 0, 0, 0]
  Core 2: [0, 0, 0, 0, 0, 0, 0, 0, 0, 0, 0, 0, 0, 0, 0, 0, 0, 0, 0, 0]
  Core 3: [0, 0, 0, 0, 0, 0, 0, 0, 0, 0, 0, 0, 0, 0, 0, 0, 0, 0, 0, 0]
  Core 4: [0, 0, 0, 0, 0, 0, 0, 0, 0, 0, 0, 0, 0, 0, 0, 0, 0, 0, 0, 0]
  Core 5: [0, 0, 0, 0, 0, 0, 0, 0, 0, 0, 0, 0, 0, 0, 0, 0, 0, 0, 0, 0]
  Core 6: [0, 0, 0, 0, 0, 0, 0, 0, 0, 0, 0, 0, 0, 0, 0, 0, 0, 0, 0, 0]
  Core 7: [0, 0, 0, 0, 0, 0, 0, 0, 0, 0, 0, 0, 0, 0, 0, 0, 0, 0, 0, 0]
2 - 3:
  Core 1: [1, 1, 1, 'G', 0, 0, 0, 0, 0, 0, 0, 0, 0, 0, 0, 0, 0, 0, 0, 0]
  Core 2: [0, 0, 0, 0, 0, 0, 0, 0, 0, 0, 0, 0, 0, 0, 0, 0, 0, 0, 0, 0]
  Core 3: [0, 0, 0, 0, 0, 0, 0, 0, 0, 0, 0, 0, 0, 0, 0, 0, 0, 0, 0, 0]
  Core 4: [0, 0, 0, 0, 0, 0, 0, 0, 0, 0, 0, 0, 0, 0, 0, 0, 0, 0, 0, 0]
  Core 5: [0, 0, 0, 0, 0, 0, 0, 0, 0, 0, 0, 0, 0, 0, 0, 0, 0, 0, 0, 0]
  Core 6: [0, 0, 0, 0, 0, 0, 0, 0, 0, 0, 0, 0, 0, 0, 0, 0, 0, 0, 0, 0]
  Core 7: [0, 0, 0, 0, 0, 0, 0, 0, 0, 0, 0, 0, 0, 0, 0, 0, 0, 0, 0, 0]
2 - 4:
  Core 1: [1, 1, 1, 1, 1, 1, 1, 1, 1, 1, 'G', 0, 0, 0, 0, 0, 0, 0, 0, 0]
  Core 2: [1, 1, 1, 1, 1, 1, 1, 'G', 0, 0, 0, 0, 0, 0, 0, 0, 0, 0, 0, 0]
  Core 3: [0, 0, 0, 0, 0, 0, 0, 0, 0, 0, 0, 0, 0, 0, 0, 0, 0, 0, 0, 0]
  Core 4: [1, 1, 1, 1, 1, 1, 'G', 0, 0, 0, 0, 0, 0, 0, 0, 0, 0, 0, 0, 0]
  Core 5: [0, 0, 0, 0, 0, 0, 0, 0, 0, 0, 0, 0, 0, 0, 0, 0, 0, 0, 0, 0]
  Core 6: [0, 0, 0, 0, 0, 0, 0, 0, 0, 0, 0, 0, 0, 0, 0, 0, 0, 0, 0, 0]
  Core 7: [0, 0, 0, 0, 0, 0, 0, 0, 0, 0, 0, 0, 0, 0, 0, 0, 0, 0, 0, 0]
2 - 5:
  Core 1: [1, 1, 1, 1, 1, 1, 1, 1, 1, 1, 1, 'G', 0, 0, 0, 0, 0, 0, 0, 0]
  Core 2: [0, 0, 0, 0, 0, 0, 0, 0, 0, 0, 0, 0, 0, 0, 0, 0, 0, 0, 0, 0]
  Core 3: [0, 0, 0, 0, 0, 0, 0, 0, 0, 0, 0, 0, 0, 0, 0, 0, 0, 0, 0, 0]
  Core 4: [0, 0, 0, 0, 0, 0, 0, 0, 0, 0, 0, 0, 0, 0, 0, 0, 0, 0, 0, 0]
  Core 5: [0, 0, 0, 0, 0, 0, 0, 0, 0, 0, 0, 0, 0, 0, 0, 0, 0, 0, 0, 0]
  Core 6: [0, 0, 0, 0, 0, 0, 0, 0, 0, 0, 0, 0, 0, 0, 0, 0, 0, 0, 0, 0]
  Core 7: [0, 0, 0, 0, 0, 0, 0, 0, 0, 0, 0, 0, 0, 0, 0, 0, 0, 0, 0, 0]
5 - 3:
  Core 1: [0, 0, 0, 0, 0, 0, 0, 0, 0, 0, 0, 0, 0, 0, 0, 0, 0, 0, 0, 0]
  Core 2: [0, 0, 0, 0, 0, 0, 0, 0, 0, 0, 0, 0, 0, 0, 0, 0, 0, 0, 0, 0]
  Core 3: [0, 0, 0, 0, 0, 0, 0, 0, 0, 0, 0, 0, 0, 0, 0, 0, 0, 0, 0, 0]
  Core 4: [0, 0, 0, 0, 0, 0, 0, 0, 0, 0, 0, 0, 0, 0, 0, 0, 0, 0, 0, 0]
  Core 5: [0, 0, 0, 0, 0, 0, 0, 0, 0, 0, 0, 0, 0, 0, 0, 0, 0, 0, 0, 0]
  Core 6: [0, 0, 0, 0, 0, 0, 0, 0, 0, 0, 0, 0, 0, 0, 0, 0, 0, 0, 0, 0]
  Core 7: [0, 0, 0, 0, 0, 0, 0, 0, 0, 0, 0, 0, 0, 0, 0, 0, 0, 0, 0, 0]
5 - 4:
  Core 1: [0, 0, 0, 0, 0, 0, 0, 0, 0, 0, 0, 0, 0, 0, 0, 0, 0, 0, 0, 0]
  Core 2: [0, 0, 0, 0, 0, 0, 0, 0, 0, 0, 0, 0, 0, 0, 0, 0, 0, 0, 0, 0]
  Core 3: [0, 0, 0, 0, 0, 0, 0, 0, 0, 0, 0, 0, 0, 0, 0, 0, 0, 0, 0, 0]
  Core 4: [0, 0, 0, 0, 0, 0, 0, 0, 0, 0, 0, 0, 0, 0, 0, 0, 0, 0, 0, 0]
  Core 5: [0, 0, 0, 0, 0, 0, 0, 0, 0, 0, 0, 0, 0, 0, 0, 0, 0, 0, 0, 0]
  Core 6: [0, 0, 0, 0, 0, 0, 0, 0, 0, 0, 0, 0, 0, 0, 0, 0, 0, 0, 0, 0]
  Core 7: [0, 0, 0, 0, 0, 0, 0, 0, 0, 0, 0, 0, 0, 0, 0, 0, 0, 0, 0, 0]
6 - 4:
  Core 1: [1, 1, 1, 1, 1, 1, 1, 'G', 0, 0, 0, 0, 0, 0, 0, 0, 0, 0, 0, 0]
  Core 2: [0, 0, 0, 0, 0, 0, 0, 0, 0, 0, 0, 0, 0, 0, 0, 0, 0, 0, 0, 0]
  Core 3: [0, 0, 0, 0, 0, 0, 0, 0, 0, 0, 0, 0, 0, 0, 0, 0, 0, 0, 0, 0]
  Core 4: [0, 0, 0, 0, 0, 0, 0, 0, 0, 0, 0, 0, 0, 0, 0, 0, 0, 0, 0, 0]
  Core 5: [0, 0, 0, 0, 0, 0, 0, 0, 0, 0, 0, 0, 0, 0, 0, 0, 0, 0, 0, 0]
  Core 6: [0, 0, 0, 0, 0, 0, 0, 0, 0, 0, 0, 0, 0, 0, 0, 0, 0, 0, 0, 0]
  Core 7: [0, 0, 0, 0, 0, 0, 0, 0, 0, 0, 0, 0, 0, 0, 0, 0, 0, 0, 0, 0]
6 - 5:
  Core 1: [0, 0, 0, 0, 0, 0, 0, 0, 0, 0, 0, 0, 0, 0, 0, 0, 0, 0, 0, 0]
  Core 2: [0, 0, 0, 0, 0, 0, 0, 0, 0, 0, 0, 0, 0, 0, 0, 0, 0, 0, 0, 0]
  Core 3: [0, 0, 0, 0, 0, 0, 0, 0, 0, 0, 0, 0, 0, 0, 0, 0, 0, 0, 0, 0]
  Core 4: [0, 0, 0, 0, 0, 0, 0, 0, 0, 0, 0, 0, 0, 0, 0, 0, 0, 0, 0, 0]
  Core 5: [0, 0, 0, 0, 0, 0, 0, 0, 0, 0, 0, 0, 0, 0, 0, 0, 0, 0, 0, 0]
  Core 6: [0, 0, 0, 0, 0, 0, 0, 0, 0, 0, 0, 0, 0, 0, 0, 0, 0, 0, 0, 0]
  Core 7: [0, 0, 0, 0, 0, 0, 0, 0, 0, 0, 0, 0, 0, 0, 0, 0, 0, 0, 0, 0]

Source: 2
Destination: 5
Path: 2 -> 5
SP Length (km): 1000
Bandwidth (Gbps): 269
Selected Modulation Format: 16-QAM
FS Capacity: 12.5 GHz
Efficiency: 4
Slots needed (excluding guard bit): 6

Checking for path:  ['2', '5']
  Allocated per link: [(frozenset({'2', '5'}), 2, 0)]

Current Slot Usage:
2 - 1:
  Core 1: [1, 1, 1, 1, 1, 1, 1, 1, 'G', 0, 0, 0, 0, 0, 0, 0, 0, 0, 0, 0]
  Core 2: [1, 1, 1, 1, 1, 1, 1, 1, 1, 1, 'G', 0, 0, 0, 0, 0, 0, 0, 0, 0]
  Core 3: [0, 0, 0, 0, 0, 0, 0, 0, 0, 0, 0, 0, 0, 0, 0, 0, 0, 0, 0, 0]
  Core 4: [1, 1, 1, 1, 1, 1, 1, 1, 1, 1, 1, 'G', 0, 0, 0, 0, 0, 0, 0, 0]
  Core 5: [1, 1, 1, 1, 1, 1, 1, 'G', 0, 0, 0, 0, 0, 0, 0, 0, 0, 0, 0, 0]
  Core 6: [1, 1, 1, 1, 1, 1, 1, 'G', 0, 0, 0, 0, 0, 0, 0, 0, 0, 0, 0, 0]
  Core 7: [0, 0, 0, 0, 0, 0, 0, 0, 0, 0, 0, 0, 0, 0, 0, 0, 0, 0, 0, 0]
3 - 1:
  Core 1: [1, 1, 1, 1, 1, 1, 1, 1, 1, 1, 'G', 0, 0, 0, 0, 0, 0, 0, 0, 0]
  Core 2: [0, 0, 0, 0, 0, 0, 0, 0, 0, 0, 0, 0, 0, 0, 0, 0, 0, 0, 0, 0]
  Core 3: [0, 0, 0, 0, 0, 0, 0, 0, 0, 0, 0, 0, 0, 0, 0, 0, 0, 0, 0, 0]
  Core 4: [0, 0, 0, 0, 0, 0, 0, 0, 0, 0, 0, 0, 0, 0, 0, 0, 0, 0, 0, 0]
  Core 5: [0, 0, 0, 0, 0, 0, 0, 0, 0, 0, 0, 0, 0, 0, 0, 0, 0, 0, 0, 0]
  Core 6: [0, 0, 0, 0, 0, 0, 0, 0, 0, 0, 0, 0, 0, 0, 0, 0, 0, 0, 0, 0]
  Core 7: [0, 0, 0, 0, 0, 0, 0, 0, 0, 0, 0, 0, 0, 0, 0, 0, 0, 0, 0, 0]
2 - 3:
  Core 1: [1, 1, 1, 'G', 0, 0, 0, 0, 0, 0, 0, 0, 0, 0, 0, 0, 0, 0, 0, 0]
  Core 2: [0, 0, 0, 0, 0, 0, 0, 0, 0, 0, 0, 0, 0, 0, 0, 0, 0, 0, 0, 0]
  Core 3: [0, 0, 0, 0, 0, 0, 0, 0, 0, 0, 0, 0, 0, 0, 0, 0, 0, 0, 0, 0]
  Core 4: [0, 0, 0, 0, 0, 0, 0, 0, 0, 0, 0, 0, 0, 0, 0, 0, 0, 0, 0, 0]
  Core 5: [0, 0, 0, 0, 0, 0, 0, 0, 0, 0, 0, 0, 0, 0, 0, 0, 0, 0, 0, 0]
  Core 6: [0, 0, 0, 0, 0, 0, 0, 0, 0, 0, 0, 0, 0, 0, 0, 0, 0, 0, 0, 0]
  Core 7: [0, 0, 0, 0, 0, 0, 0, 0, 0, 0, 0, 0, 0, 0, 0, 0, 0, 0, 0, 0]
2 - 4:
  Core 1: [1, 1, 1, 1, 1, 1, 1, 1, 1, 1, 'G', 0, 0, 0, 0, 0, 0, 0, 0, 0]
  Core 2: [1, 1, 1, 1, 1, 1, 1, 'G', 0, 0, 0, 0, 0, 0, 0, 0, 0, 0, 0, 0]
  Core 3: [0, 0, 0, 0, 0, 0, 0, 0, 0, 0, 0, 0, 0, 0, 0, 0, 0, 0, 0, 0]
  Core 4: [1, 1, 1, 1, 1, 1, 'G', 0, 0, 0, 0, 0, 0, 0, 0, 0, 0, 0, 0, 0]
  Core 5: [0, 0, 0, 0, 0, 0, 0, 0, 0, 0, 0, 0, 0, 0, 0, 0, 0, 0, 0, 0]
  Core 6: [0, 0, 0, 0, 0, 0, 0, 0, 0, 0, 0, 0, 0, 0, 0, 0, 0, 0, 0, 0]
  Core 7: [0, 0, 0, 0, 0, 0, 0, 0, 0, 0, 0, 0, 0, 0, 0, 0, 0, 0, 0, 0]
2 - 5:
  Core 1: [1, 1, 1, 1, 1, 1, 1, 1, 1, 1, 1, 'G', 0, 0, 0, 0, 0, 0, 0, 0]
  Core 2: [1, 1, 1, 1, 1, 1, 'G', 0, 0, 0, 0, 0, 0, 0, 0, 0, 0, 0, 0, 0]
  Core 3: [0, 0, 0, 0, 0, 0, 0, 0, 0, 0, 0, 0, 0, 0, 0, 0, 0, 0, 0, 0]
  Core 4: [0, 0, 0, 0, 0, 0, 0, 0, 0, 0, 0, 0, 0, 0, 0, 0, 0, 0, 0, 0]
  Core 5: [0, 0, 0, 0, 0, 0, 0, 0, 0, 0, 0, 0, 0, 0, 0, 0, 0, 0, 0, 0]
  Core 6: [0, 0, 0, 0, 0, 0, 0, 0, 0, 0, 0, 0, 0, 0, 0, 0, 0, 0, 0, 0]
  Core 7: [0, 0, 0, 0, 0, 0, 0, 0, 0, 0, 0, 0, 0, 0, 0, 0, 0, 0, 0, 0]
5 - 3:
  Core 1: [0, 0, 0, 0, 0, 0, 0, 0, 0, 0, 0, 0, 0, 0, 0, 0, 0, 0, 0, 0]
  Core 2: [0, 0, 0, 0, 0, 0, 0, 0, 0, 0, 0, 0, 0, 0, 0, 0, 0, 0, 0, 0]
  Core 3: [0, 0, 0, 0, 0, 0, 0, 0, 0, 0, 0, 0, 0, 0, 0, 0, 0, 0, 0, 0]
  Core 4: [0, 0, 0, 0, 0, 0, 0, 0, 0, 0, 0, 0, 0, 0, 0, 0, 0, 0, 0, 0]
  Core 5: [0, 0, 0, 0, 0, 0, 0, 0, 0, 0, 0, 0, 0, 0, 0, 0, 0, 0, 0, 0]
  Core 6: [0, 0, 0, 0, 0, 0, 0, 0, 0, 0, 0, 0, 0, 0, 0, 0, 0, 0, 0, 0]
  Core 7: [0, 0, 0, 0, 0, 0, 0, 0, 0, 0, 0, 0, 0, 0, 0, 0, 0, 0, 0, 0]
5 - 4:
  Core 1: [0, 0, 0, 0, 0, 0, 0, 0, 0, 0, 0, 0, 0, 0, 0, 0, 0, 0, 0, 0]
  Core 2: [0, 0, 0, 0, 0, 0, 0, 0, 0, 0, 0, 0, 0, 0, 0, 0, 0, 0, 0, 0]
  Core 3: [0, 0, 0, 0, 0, 0, 0, 0, 0, 0, 0, 0, 0, 0, 0, 0, 0, 0, 0, 0]
  Core 4: [0, 0, 0, 0, 0, 0, 0, 0, 0, 0, 0, 0, 0, 0, 0, 0, 0, 0, 0, 0]
  Core 5: [0, 0, 0, 0, 0, 0, 0, 0, 0, 0, 0, 0, 0, 0, 0, 0, 0, 0, 0, 0]
  Core 6: [0, 0, 0, 0, 0, 0, 0, 0, 0, 0, 0, 0, 0, 0, 0, 0, 0, 0, 0, 0]
  Core 7: [0, 0, 0, 0, 0, 0, 0, 0, 0, 0, 0, 0, 0, 0, 0, 0, 0, 0, 0, 0]
6 - 4:
  Core 1: [1, 1, 1, 1, 1, 1, 1, 'G', 0, 0, 0, 0, 0, 0, 0, 0, 0, 0, 0, 0]
  Core 2: [0, 0, 0, 0, 0, 0, 0, 0, 0, 0, 0, 0, 0, 0, 0, 0, 0, 0, 0, 0]
  Core 3: [0, 0, 0, 0, 0, 0, 0, 0, 0, 0, 0, 0, 0, 0, 0, 0, 0, 0, 0, 0]
  Core 4: [0, 0, 0, 0, 0, 0, 0, 0, 0, 0, 0, 0, 0, 0, 0, 0, 0, 0, 0, 0]
  Core 5: [0, 0, 0, 0, 0, 0, 0, 0, 0, 0, 0, 0, 0, 0, 0, 0, 0, 0, 0, 0]
  Core 6: [0, 0, 0, 0, 0, 0, 0, 0, 0, 0, 0, 0, 0, 0, 0, 0, 0, 0, 0, 0]
  Core 7: [0, 0, 0, 0, 0, 0, 0, 0, 0, 0, 0, 0, 0, 0, 0, 0, 0, 0, 0, 0]
6 - 5:
  Core 1: [0, 0, 0, 0, 0, 0, 0, 0, 0, 0, 0, 0, 0, 0, 0, 0, 0, 0, 0, 0]
  Core 2: [0, 0, 0, 0, 0, 0, 0, 0, 0, 0, 0, 0, 0, 0, 0, 0, 0, 0, 0, 0]
  Core 3: [0, 0, 0, 0, 0, 0, 0, 0, 0, 0, 0, 0, 0, 0, 0, 0, 0, 0, 0, 0]
  Core 4: [0, 0, 0, 0, 0, 0, 0, 0, 0, 0, 0, 0, 0, 0, 0, 0, 0, 0, 0, 0]
  Core 5: [0, 0, 0, 0, 0, 0, 0, 0, 0, 0, 0, 0, 0, 0, 0, 0, 0, 0, 0, 0]
  Core 6: [0, 0, 0, 0, 0, 0, 0, 0, 0, 0, 0, 0, 0, 0, 0, 0, 0, 0, 0, 0]
  Core 7: [0, 0, 0, 0, 0, 0, 0, 0, 0, 0, 0, 0, 0, 0, 0, 0, 0, 0, 0, 0]

Source: 2
Destination: 6
Path: 2 -> 4 -> 6
SP Length (km): 1800
Bandwidth (Gbps): 150
Selected Modulation Format: 8-QAM
FS Capacity: 12.5 GHz
Efficiency: 3
Slots needed (excluding guard bit): 4

Checking for path:  ['2', '4', '6']
  Allocated per link: [(frozenset({'2', '4'}), 5, 0), (frozenset({'6', '4'}), 2, 0)]

Current Slot Usage:
2 - 1:
  Core 1: [1, 1, 1, 1, 1, 1, 1, 1, 'G', 0, 0, 0, 0, 0, 0, 0, 0, 0, 0, 0]
  Core 2: [1, 1, 1, 1, 1, 1, 1, 1, 1, 1, 'G', 0, 0, 0, 0, 0, 0, 0, 0, 0]
  Core 3: [0, 0, 0, 0, 0, 0, 0, 0, 0, 0, 0, 0, 0, 0, 0, 0, 0, 0, 0, 0]
  Core 4: [1, 1, 1, 1, 1, 1, 1, 1, 1, 1, 1, 'G', 0, 0, 0, 0, 0, 0, 0, 0]
  Core 5: [1, 1, 1, 1, 1, 1, 1, 'G', 0, 0, 0, 0, 0, 0, 0, 0, 0, 0, 0, 0]
  Core 6: [1, 1, 1, 1, 1, 1, 1, 'G', 0, 0, 0, 0, 0, 0, 0, 0, 0, 0, 0, 0]
  Core 7: [0, 0, 0, 0, 0, 0, 0, 0, 0, 0, 0, 0, 0, 0, 0, 0, 0, 0, 0, 0]
3 - 1:
  Core 1: [1, 1, 1, 1, 1, 1, 1, 1, 1, 1, 'G', 0, 0, 0, 0, 0, 0, 0, 0, 0]
  Core 2: [0, 0, 0, 0, 0, 0, 0, 0, 0, 0, 0, 0, 0, 0, 0, 0, 0, 0, 0, 0]
  Core 3: [0, 0, 0, 0, 0, 0, 0, 0, 0, 0, 0, 0, 0, 0, 0, 0, 0, 0, 0, 0]
  Core 4: [0, 0, 0, 0, 0, 0, 0, 0, 0, 0, 0, 0, 0, 0, 0, 0, 0, 0, 0, 0]
  Core 5: [0, 0, 0, 0, 0, 0, 0, 0, 0, 0, 0, 0, 0, 0, 0, 0, 0, 0, 0, 0]
  Core 6: [0, 0, 0, 0, 0, 0, 0, 0, 0, 0, 0, 0, 0, 0, 0, 0, 0, 0, 0, 0]
  Core 7: [0, 0, 0, 0, 0, 0, 0, 0, 0, 0, 0, 0, 0, 0, 0, 0, 0, 0, 0, 0]
2 - 3:
  Core 1: [1, 1, 1, 'G', 0, 0, 0, 0, 0, 0, 0, 0, 0, 0, 0, 0, 0, 0, 0, 0]
  Core 2: [0, 0, 0, 0, 0, 0, 0, 0, 0, 0, 0, 0, 0, 0, 0, 0, 0, 0, 0, 0]
  Core 3: [0, 0, 0, 0, 0, 0, 0, 0, 0, 0, 0, 0, 0, 0, 0, 0, 0, 0, 0, 0]
  Core 4: [0, 0, 0, 0, 0, 0, 0, 0, 0, 0, 0, 0, 0, 0, 0, 0, 0, 0, 0, 0]
  Core 5: [0, 0, 0, 0, 0, 0, 0, 0, 0, 0, 0, 0, 0, 0, 0, 0, 0, 0, 0, 0]
  Core 6: [0, 0, 0, 0, 0, 0, 0, 0, 0, 0, 0, 0, 0, 0, 0, 0, 0, 0, 0, 0]
  Core 7: [0, 0, 0, 0, 0, 0, 0, 0, 0, 0, 0, 0, 0, 0, 0, 0, 0, 0, 0, 0]
2 - 4:
  Core 1: [1, 1, 1, 1, 1, 1, 1, 1, 1, 1, 'G', 0, 0, 0, 0, 0, 0, 0, 0, 0]
  Core 2: [1, 1, 1, 1, 1, 1, 1, 'G', 0, 0, 0, 0, 0, 0, 0, 0, 0, 0, 0, 0]
  Core 3: [0, 0, 0, 0, 0, 0, 0, 0, 0, 0, 0, 0, 0, 0, 0, 0, 0, 0, 0, 0]
  Core 4: [1, 1, 1, 1, 1, 1, 'G', 0, 0, 0, 0, 0, 0, 0, 0, 0, 0, 0, 0, 0]
  Core 5: [1, 1, 1, 1, 'G', 0, 0, 0, 0, 0, 0, 0, 0, 0, 0, 0, 0, 0, 0, 0]
  Core 6: [0, 0, 0, 0, 0, 0, 0, 0, 0, 0, 0, 0, 0, 0, 0, 0, 0, 0, 0, 0]
  Core 7: [0, 0, 0, 0, 0, 0, 0, 0, 0, 0, 0, 0, 0, 0, 0, 0, 0, 0, 0, 0]
2 - 5:
  Core 1: [1, 1, 1, 1, 1, 1, 1, 1, 1, 1, 1, 'G', 0, 0, 0, 0, 0, 0, 0, 0]
  Core 2: [1, 1, 1, 1, 1, 1, 'G', 0, 0, 0, 0, 0, 0, 0, 0, 0, 0, 0, 0, 0]
  Core 3: [0, 0, 0, 0, 0, 0, 0, 0, 0, 0, 0, 0, 0, 0, 0, 0, 0, 0, 0, 0]
  Core 4: [0, 0, 0, 0, 0, 0, 0, 0, 0, 0, 0, 0, 0, 0, 0, 0, 0, 0, 0, 0]
  Core 5: [0, 0, 0, 0, 0, 0, 0, 0, 0, 0, 0, 0, 0, 0, 0, 0, 0, 0, 0, 0]
  Core 6: [0, 0, 0, 0, 0, 0, 0, 0, 0, 0, 0, 0, 0, 0, 0, 0, 0, 0, 0, 0]
  Core 7: [0, 0, 0, 0, 0, 0, 0, 0, 0, 0, 0, 0, 0, 0, 0, 0, 0, 0, 0, 0]
5 - 3:
  Core 1: [0, 0, 0, 0, 0, 0, 0, 0, 0, 0, 0, 0, 0, 0, 0, 0, 0, 0, 0, 0]
  Core 2: [0, 0, 0, 0, 0, 0, 0, 0, 0, 0, 0, 0, 0, 0, 0, 0, 0, 0, 0, 0]
  Core 3: [0, 0, 0, 0, 0, 0, 0, 0, 0, 0, 0, 0, 0, 0, 0, 0, 0, 0, 0, 0]
  Core 4: [0, 0, 0, 0, 0, 0, 0, 0, 0, 0, 0, 0, 0, 0, 0, 0, 0, 0, 0, 0]
  Core 5: [0, 0, 0, 0, 0, 0, 0, 0, 0, 0, 0, 0, 0, 0, 0, 0, 0, 0, 0, 0]
  Core 6: [0, 0, 0, 0, 0, 0, 0, 0, 0, 0, 0, 0, 0, 0, 0, 0, 0, 0, 0, 0]
  Core 7: [0, 0, 0, 0, 0, 0, 0, 0, 0, 0, 0, 0, 0, 0, 0, 0, 0, 0, 0, 0]
5 - 4:
  Core 1: [0, 0, 0, 0, 0, 0, 0, 0, 0, 0, 0, 0, 0, 0, 0, 0, 0, 0, 0, 0]
  Core 2: [0, 0, 0, 0, 0, 0, 0, 0, 0, 0, 0, 0, 0, 0, 0, 0, 0, 0, 0, 0]
  Core 3: [0, 0, 0, 0, 0, 0, 0, 0, 0, 0, 0, 0, 0, 0, 0, 0, 0, 0, 0, 0]
  Core 4: [0, 0, 0, 0, 0, 0, 0, 0, 0, 0, 0, 0, 0, 0, 0, 0, 0, 0, 0, 0]
  Core 5: [0, 0, 0, 0, 0, 0, 0, 0, 0, 0, 0, 0, 0, 0, 0, 0, 0, 0, 0, 0]
  Core 6: [0, 0, 0, 0, 0, 0, 0, 0, 0, 0, 0, 0, 0, 0, 0, 0, 0, 0, 0, 0]
  Core 7: [0, 0, 0, 0, 0, 0, 0, 0, 0, 0, 0, 0, 0, 0, 0, 0, 0, 0, 0, 0]
6 - 4:
  Core 1: [1, 1, 1, 1, 1, 1, 1, 'G', 0, 0, 0, 0, 0, 0, 0, 0, 0, 0, 0, 0]
  Core 2: [1, 1, 1, 1, 'G', 0, 0, 0, 0, 0, 0, 0, 0, 0, 0, 0, 0, 0, 0, 0]
  Core 3: [0, 0, 0, 0, 0, 0, 0, 0, 0, 0, 0, 0, 0, 0, 0, 0, 0, 0, 0, 0]
  Core 4: [0, 0, 0, 0, 0, 0, 0, 0, 0, 0, 0, 0, 0, 0, 0, 0, 0, 0, 0, 0]
  Core 5: [0, 0, 0, 0, 0, 0, 0, 0, 0, 0, 0, 0, 0, 0, 0, 0, 0, 0, 0, 0]
  Core 6: [0, 0, 0, 0, 0, 0, 0, 0, 0, 0, 0, 0, 0, 0, 0, 0, 0, 0, 0, 0]
  Core 7: [0, 0, 0, 0, 0, 0, 0, 0, 0, 0, 0, 0, 0, 0, 0, 0, 0, 0, 0, 0]
6 - 5:
  Core 1: [0, 0, 0, 0, 0, 0, 0, 0, 0, 0, 0, 0, 0, 0, 0, 0, 0, 0, 0, 0]
  Core 2: [0, 0, 0, 0, 0, 0, 0, 0, 0, 0, 0, 0, 0, 0, 0, 0, 0, 0, 0, 0]
  Core 3: [0, 0, 0, 0, 0, 0, 0, 0, 0, 0, 0, 0, 0, 0, 0, 0, 0, 0, 0, 0]
  Core 4: [0, 0, 0, 0, 0, 0, 0, 0, 0, 0, 0, 0, 0, 0, 0, 0, 0, 0, 0, 0]
  Core 5: [0, 0, 0, 0, 0, 0, 0, 0, 0, 0, 0, 0, 0, 0, 0, 0, 0, 0, 0, 0]
  Core 6: [0, 0, 0, 0, 0, 0, 0, 0, 0, 0, 0, 0, 0, 0, 0, 0, 0, 0, 0, 0]
  Core 7: [0, 0, 0, 0, 0, 0, 0, 0, 0, 0, 0, 0, 0, 0, 0, 0, 0, 0, 0, 0]

Source: 3
Destination: 1
Path: 3 -> 1
SP Length (km): 1200
Bandwidth (Gbps): 137
Selected Modulation Format: 8-QAM
FS Capacity: 12.5 GHz
Efficiency: 3
Slots needed (excluding guard bit): 4

Checking for path:  ['3', '1']
  Allocated per link: [(frozenset({'3', '1'}), 2, 0)]

Current Slot Usage:
2 - 1:
  Core 1: [1, 1, 1, 1, 1, 1, 1, 1, 'G', 0, 0, 0, 0, 0, 0, 0, 0, 0, 0, 0]
  Core 2: [1, 1, 1, 1, 1, 1, 1, 1, 1, 1, 'G', 0, 0, 0, 0, 0, 0, 0, 0, 0]
  Core 3: [0, 0, 0, 0, 0, 0, 0, 0, 0, 0, 0, 0, 0, 0, 0, 0, 0, 0, 0, 0]
  Core 4: [1, 1, 1, 1, 1, 1, 1, 1, 1, 1, 1, 'G', 0, 0, 0, 0, 0, 0, 0, 0]
  Core 5: [1, 1, 1, 1, 1, 1, 1, 'G', 0, 0, 0, 0, 0, 0, 0, 0, 0, 0, 0, 0]
  Core 6: [1, 1, 1, 1, 1, 1, 1, 'G', 0, 0, 0, 0, 0, 0, 0, 0, 0, 0, 0, 0]
  Core 7: [0, 0, 0, 0, 0, 0, 0, 0, 0, 0, 0, 0, 0, 0, 0, 0, 0, 0, 0, 0]
3 - 1:
  Core 1: [1, 1, 1, 1, 1, 1, 1, 1, 1, 1, 'G', 0, 0, 0, 0, 0, 0, 0, 0, 0]
  Core 2: [1, 1, 1, 1, 'G', 0, 0, 0, 0, 0, 0, 0, 0, 0, 0, 0, 0, 0, 0, 0]
  Core 3: [0, 0, 0, 0, 0, 0, 0, 0, 0, 0, 0, 0, 0, 0, 0, 0, 0, 0, 0, 0]
  Core 4: [0, 0, 0, 0, 0, 0, 0, 0, 0, 0, 0, 0, 0, 0, 0, 0, 0, 0, 0, 0]
  Core 5: [0, 0, 0, 0, 0, 0, 0, 0, 0, 0, 0, 0, 0, 0, 0, 0, 0, 0, 0, 0]
  Core 6: [0, 0, 0, 0, 0, 0, 0, 0, 0, 0, 0, 0, 0, 0, 0, 0, 0, 0, 0, 0]
  Core 7: [0, 0, 0, 0, 0, 0, 0, 0, 0, 0, 0, 0, 0, 0, 0, 0, 0, 0, 0, 0]
2 - 3:
  Core 1: [1, 1, 1, 'G', 0, 0, 0, 0, 0, 0, 0, 0, 0, 0, 0, 0, 0, 0, 0, 0]
  Core 2: [0, 0, 0, 0, 0, 0, 0, 0, 0, 0, 0, 0, 0, 0, 0, 0, 0, 0, 0, 0]
  Core 3: [0, 0, 0, 0, 0, 0, 0, 0, 0, 0, 0, 0, 0, 0, 0, 0, 0, 0, 0, 0]
  Core 4: [0, 0, 0, 0, 0, 0, 0, 0, 0, 0, 0, 0, 0, 0, 0, 0, 0, 0, 0, 0]
  Core 5: [0, 0, 0, 0, 0, 0, 0, 0, 0, 0, 0, 0, 0, 0, 0, 0, 0, 0, 0, 0]
  Core 6: [0, 0, 0, 0, 0, 0, 0, 0, 0, 0, 0, 0, 0, 0, 0, 0, 0, 0, 0, 0]
  Core 7: [0, 0, 0, 0, 0, 0, 0, 0, 0, 0, 0, 0, 0, 0, 0, 0, 0, 0, 0, 0]
2 - 4:
  Core 1: [1, 1, 1, 1, 1, 1, 1, 1, 1, 1, 'G', 0, 0, 0, 0, 0, 0, 0, 0, 0]
  Core 2: [1, 1, 1, 1, 1, 1, 1, 'G', 0, 0, 0, 0, 0, 0, 0, 0, 0, 0, 0, 0]
  Core 3: [0, 0, 0, 0, 0, 0, 0, 0, 0, 0, 0, 0, 0, 0, 0, 0, 0, 0, 0, 0]
  Core 4: [1, 1, 1, 1, 1, 1, 'G', 0, 0, 0, 0, 0, 0, 0, 0, 0, 0, 0, 0, 0]
  Core 5: [1, 1, 1, 1, 'G', 0, 0, 0, 0, 0, 0, 0, 0, 0, 0, 0, 0, 0, 0, 0]
  Core 6: [0, 0, 0, 0, 0, 0, 0, 0, 0, 0, 0, 0, 0, 0, 0, 0, 0, 0, 0, 0]
  Core 7: [0, 0, 0, 0, 0, 0, 0, 0, 0, 0, 0, 0, 0, 0, 0, 0, 0, 0, 0, 0]
2 - 5:
  Core 1: [1, 1, 1, 1, 1, 1, 1, 1, 1, 1, 1, 'G', 0, 0, 0, 0, 0, 0, 0, 0]
  Core 2: [1, 1, 1, 1, 1, 1, 'G', 0, 0, 0, 0, 0, 0, 0, 0, 0, 0, 0, 0, 0]
  Core 3: [0, 0, 0, 0, 0, 0, 0, 0, 0, 0, 0, 0, 0, 0, 0, 0, 0, 0, 0, 0]
  Core 4: [0, 0, 0, 0, 0, 0, 0, 0, 0, 0, 0, 0, 0, 0, 0, 0, 0, 0, 0, 0]
  Core 5: [0, 0, 0, 0, 0, 0, 0, 0, 0, 0, 0, 0, 0, 0, 0, 0, 0, 0, 0, 0]
  Core 6: [0, 0, 0, 0, 0, 0, 0, 0, 0, 0, 0, 0, 0, 0, 0, 0, 0, 0, 0, 0]
  Core 7: [0, 0, 0, 0, 0, 0, 0, 0, 0, 0, 0, 0, 0, 0, 0, 0, 0, 0, 0, 0]
5 - 3:
  Core 1: [0, 0, 0, 0, 0, 0, 0, 0, 0, 0, 0, 0, 0, 0, 0, 0, 0, 0, 0, 0]
  Core 2: [0, 0, 0, 0, 0, 0, 0, 0, 0, 0, 0, 0, 0, 0, 0, 0, 0, 0, 0, 0]
  Core 3: [0, 0, 0, 0, 0, 0, 0, 0, 0, 0, 0, 0, 0, 0, 0, 0, 0, 0, 0, 0]
  Core 4: [0, 0, 0, 0, 0, 0, 0, 0, 0, 0, 0, 0, 0, 0, 0, 0, 0, 0, 0, 0]
  Core 5: [0, 0, 0, 0, 0, 0, 0, 0, 0, 0, 0, 0, 0, 0, 0, 0, 0, 0, 0, 0]
  Core 6: [0, 0, 0, 0, 0, 0, 0, 0, 0, 0, 0, 0, 0, 0, 0, 0, 0, 0, 0, 0]
  Core 7: [0, 0, 0, 0, 0, 0, 0, 0, 0, 0, 0, 0, 0, 0, 0, 0, 0, 0, 0, 0]
5 - 4:
  Core 1: [0, 0, 0, 0, 0, 0, 0, 0, 0, 0, 0, 0, 0, 0, 0, 0, 0, 0, 0, 0]
  Core 2: [0, 0, 0, 0, 0, 0, 0, 0, 0, 0, 0, 0, 0, 0, 0, 0, 0, 0, 0, 0]
  Core 3: [0, 0, 0, 0, 0, 0, 0, 0, 0, 0, 0, 0, 0, 0, 0, 0, 0, 0, 0, 0]
  Core 4: [0, 0, 0, 0, 0, 0, 0, 0, 0, 0, 0, 0, 0, 0, 0, 0, 0, 0, 0, 0]
  Core 5: [0, 0, 0, 0, 0, 0, 0, 0, 0, 0, 0, 0, 0, 0, 0, 0, 0, 0, 0, 0]
  Core 6: [0, 0, 0, 0, 0, 0, 0, 0, 0, 0, 0, 0, 0, 0, 0, 0, 0, 0, 0, 0]
  Core 7: [0, 0, 0, 0, 0, 0, 0, 0, 0, 0, 0, 0, 0, 0, 0, 0, 0, 0, 0, 0]
6 - 4:
  Core 1: [1, 1, 1, 1, 1, 1, 1, 'G', 0, 0, 0, 0, 0, 0, 0, 0, 0, 0, 0, 0]
  Core 2: [1, 1, 1, 1, 'G', 0, 0, 0, 0, 0, 0, 0, 0, 0, 0, 0, 0, 0, 0, 0]
  Core 3: [0, 0, 0, 0, 0, 0, 0, 0, 0, 0, 0, 0, 0, 0, 0, 0, 0, 0, 0, 0]
  Core 4: [0, 0, 0, 0, 0, 0, 0, 0, 0, 0, 0, 0, 0, 0, 0, 0, 0, 0, 0, 0]
  Core 5: [0, 0, 0, 0, 0, 0, 0, 0, 0, 0, 0, 0, 0, 0, 0, 0, 0, 0, 0, 0]
  Core 6: [0, 0, 0, 0, 0, 0, 0, 0, 0, 0, 0, 0, 0, 0, 0, 0, 0, 0, 0, 0]
  Core 7: [0, 0, 0, 0, 0, 0, 0, 0, 0, 0, 0, 0, 0, 0, 0, 0, 0, 0, 0, 0]
6 - 5:
  Core 1: [0, 0, 0, 0, 0, 0, 0, 0, 0, 0, 0, 0, 0, 0, 0, 0, 0, 0, 0, 0]
  Core 2: [0, 0, 0, 0, 0, 0, 0, 0, 0, 0, 0, 0, 0, 0, 0, 0, 0, 0, 0, 0]
  Core 3: [0, 0, 0, 0, 0, 0, 0, 0, 0, 0, 0, 0, 0, 0, 0, 0, 0, 0, 0, 0]
  Core 4: [0, 0, 0, 0, 0, 0, 0, 0, 0, 0, 0, 0, 0, 0, 0, 0, 0, 0, 0, 0]
  Core 5: [0, 0, 0, 0, 0, 0, 0, 0, 0, 0, 0, 0, 0, 0, 0, 0, 0, 0, 0, 0]
  Core 6: [0, 0, 0, 0, 0, 0, 0, 0, 0, 0, 0, 0, 0, 0, 0, 0, 0, 0, 0, 0]
  Core 7: [0, 0, 0, 0, 0, 0, 0, 0, 0, 0, 0, 0, 0, 0, 0, 0, 0, 0, 0, 0]

Source: 3
Destination: 2
Path: 3 -> 2
SP Length (km): 600
Bandwidth (Gbps): 217
Selected Modulation Format: 16-QAM
FS Capacity: 12.5 GHz
Efficiency: 4
Slots needed (excluding guard bit): 5

Checking for path:  ['3', '2']
  Allocated per link: [(frozenset({'2', '3'}), 2, 0)]

Current Slot Usage:
2 - 1:
  Core 1: [1, 1, 1, 1, 1, 1, 1, 1, 'G', 0, 0, 0, 0, 0, 0, 0, 0, 0, 0, 0]
  Core 2: [1, 1, 1, 1, 1, 1, 1, 1, 1, 1, 'G', 0, 0, 0, 0, 0, 0, 0, 0, 0]
  Core 3: [0, 0, 0, 0, 0, 0, 0, 0, 0, 0, 0, 0, 0, 0, 0, 0, 0, 0, 0, 0]
  Core 4: [1, 1, 1, 1, 1, 1, 1, 1, 1, 1, 1, 'G', 0, 0, 0, 0, 0, 0, 0, 0]
  Core 5: [1, 1, 1, 1, 1, 1, 1, 'G', 0, 0, 0, 0, 0, 0, 0, 0, 0, 0, 0, 0]
  Core 6: [1, 1, 1, 1, 1, 1, 1, 'G', 0, 0, 0, 0, 0, 0, 0, 0, 0, 0, 0, 0]
  Core 7: [0, 0, 0, 0, 0, 0, 0, 0, 0, 0, 0, 0, 0, 0, 0, 0, 0, 0, 0, 0]
3 - 1:
  Core 1: [1, 1, 1, 1, 1, 1, 1, 1, 1, 1, 'G', 0, 0, 0, 0, 0, 0, 0, 0, 0]
  Core 2: [1, 1, 1, 1, 'G', 0, 0, 0, 0, 0, 0, 0, 0, 0, 0, 0, 0, 0, 0, 0]
  Core 3: [0, 0, 0, 0, 0, 0, 0, 0, 0, 0, 0, 0, 0, 0, 0, 0, 0, 0, 0, 0]
  Core 4: [0, 0, 0, 0, 0, 0, 0, 0, 0, 0, 0, 0, 0, 0, 0, 0, 0, 0, 0, 0]
  Core 5: [0, 0, 0, 0, 0, 0, 0, 0, 0, 0, 0, 0, 0, 0, 0, 0, 0, 0, 0, 0]
  Core 6: [0, 0, 0, 0, 0, 0, 0, 0, 0, 0, 0, 0, 0, 0, 0, 0, 0, 0, 0, 0]
  Core 7: [0, 0, 0, 0, 0, 0, 0, 0, 0, 0, 0, 0, 0, 0, 0, 0, 0, 0, 0, 0]
2 - 3:
  Core 1: [1, 1, 1, 'G', 0, 0, 0, 0, 0, 0, 0, 0, 0, 0, 0, 0, 0, 0, 0, 0]
  Core 2: [1, 1, 1, 1, 1, 'G', 0, 0, 0, 0, 0, 0, 0, 0, 0, 0, 0, 0, 0, 0]
  Core 3: [0, 0, 0, 0, 0, 0, 0, 0, 0, 0, 0, 0, 0, 0, 0, 0, 0, 0, 0, 0]
  Core 4: [0, 0, 0, 0, 0, 0, 0, 0, 0, 0, 0, 0, 0, 0, 0, 0, 0, 0, 0, 0]
  Core 5: [0, 0, 0, 0, 0, 0, 0, 0, 0, 0, 0, 0, 0, 0, 0, 0, 0, 0, 0, 0]
  Core 6: [0, 0, 0, 0, 0, 0, 0, 0, 0, 0, 0, 0, 0, 0, 0, 0, 0, 0, 0, 0]
  Core 7: [0, 0, 0, 0, 0, 0, 0, 0, 0, 0, 0, 0, 0, 0, 0, 0, 0, 0, 0, 0]
2 - 4:
  Core 1: [1, 1, 1, 1, 1, 1, 1, 1, 1, 1, 'G', 0, 0, 0, 0, 0, 0, 0, 0, 0]
  Core 2: [1, 1, 1, 1, 1, 1, 1, 'G', 0, 0, 0, 0, 0, 0, 0, 0, 0, 0, 0, 0]
  Core 3: [0, 0, 0, 0, 0, 0, 0, 0, 0, 0, 0, 0, 0, 0, 0, 0, 0, 0, 0, 0]
  Core 4: [1, 1, 1, 1, 1, 1, 'G', 0, 0, 0, 0, 0, 0, 0, 0, 0, 0, 0, 0, 0]
  Core 5: [1, 1, 1, 1, 'G', 0, 0, 0, 0, 0, 0, 0, 0, 0, 0, 0, 0, 0, 0, 0]
  Core 6: [0, 0, 0, 0, 0, 0, 0, 0, 0, 0, 0, 0, 0, 0, 0, 0, 0, 0, 0, 0]
  Core 7: [0, 0, 0, 0, 0, 0, 0, 0, 0, 0, 0, 0, 0, 0, 0, 0, 0, 0, 0, 0]
2 - 5:
  Core 1: [1, 1, 1, 1, 1, 1, 1, 1, 1, 1, 1, 'G', 0, 0, 0, 0, 0, 0, 0, 0]
  Core 2: [1, 1, 1, 1, 1, 1, 'G', 0, 0, 0, 0, 0, 0, 0, 0, 0, 0, 0, 0, 0]
  Core 3: [0, 0, 0, 0, 0, 0, 0, 0, 0, 0, 0, 0, 0, 0, 0, 0, 0, 0, 0, 0]
  Core 4: [0, 0, 0, 0, 0, 0, 0, 0, 0, 0, 0, 0, 0, 0, 0, 0, 0, 0, 0, 0]
  Core 5: [0, 0, 0, 0, 0, 0, 0, 0, 0, 0, 0, 0, 0, 0, 0, 0, 0, 0, 0, 0]
  Core 6: [0, 0, 0, 0, 0, 0, 0, 0, 0, 0, 0, 0, 0, 0, 0, 0, 0, 0, 0, 0]
  Core 7: [0, 0, 0, 0, 0, 0, 0, 0, 0, 0, 0, 0, 0, 0, 0, 0, 0, 0, 0, 0]
5 - 3:
  Core 1: [0, 0, 0, 0, 0, 0, 0, 0, 0, 0, 0, 0, 0, 0, 0, 0, 0, 0, 0, 0]
  Core 2: [0, 0, 0, 0, 0, 0, 0, 0, 0, 0, 0, 0, 0, 0, 0, 0, 0, 0, 0, 0]
  Core 3: [0, 0, 0, 0, 0, 0, 0, 0, 0, 0, 0, 0, 0, 0, 0, 0, 0, 0, 0, 0]
  Core 4: [0, 0, 0, 0, 0, 0, 0, 0, 0, 0, 0, 0, 0, 0, 0, 0, 0, 0, 0, 0]
  Core 5: [0, 0, 0, 0, 0, 0, 0, 0, 0, 0, 0, 0, 0, 0, 0, 0, 0, 0, 0, 0]
  Core 6: [0, 0, 0, 0, 0, 0, 0, 0, 0, 0, 0, 0, 0, 0, 0, 0, 0, 0, 0, 0]
  Core 7: [0, 0, 0, 0, 0, 0, 0, 0, 0, 0, 0, 0, 0, 0, 0, 0, 0, 0, 0, 0]
5 - 4:
  Core 1: [0, 0, 0, 0, 0, 0, 0, 0, 0, 0, 0, 0, 0, 0, 0, 0, 0, 0, 0, 0]
  Core 2: [0, 0, 0, 0, 0, 0, 0, 0, 0, 0, 0, 0, 0, 0, 0, 0, 0, 0, 0, 0]
  Core 3: [0, 0, 0, 0, 0, 0, 0, 0, 0, 0, 0, 0, 0, 0, 0, 0, 0, 0, 0, 0]
  Core 4: [0, 0, 0, 0, 0, 0, 0, 0, 0, 0, 0, 0, 0, 0, 0, 0, 0, 0, 0, 0]
  Core 5: [0, 0, 0, 0, 0, 0, 0, 0, 0, 0, 0, 0, 0, 0, 0, 0, 0, 0, 0, 0]
  Core 6: [0, 0, 0, 0, 0, 0, 0, 0, 0, 0, 0, 0, 0, 0, 0, 0, 0, 0, 0, 0]
  Core 7: [0, 0, 0, 0, 0, 0, 0, 0, 0, 0, 0, 0, 0, 0, 0, 0, 0, 0, 0, 0]
6 - 4:
  Core 1: [1, 1, 1, 1, 1, 1, 1, 'G', 0, 0, 0, 0, 0, 0, 0, 0, 0, 0, 0, 0]
  Core 2: [1, 1, 1, 1, 'G', 0, 0, 0, 0, 0, 0, 0, 0, 0, 0, 0, 0, 0, 0, 0]
  Core 3: [0, 0, 0, 0, 0, 0, 0, 0, 0, 0, 0, 0, 0, 0, 0, 0, 0, 0, 0, 0]
  Core 4: [0, 0, 0, 0, 0, 0, 0, 0, 0, 0, 0, 0, 0, 0, 0, 0, 0, 0, 0, 0]
  Core 5: [0, 0, 0, 0, 0, 0, 0, 0, 0, 0, 0, 0, 0, 0, 0, 0, 0, 0, 0, 0]
  Core 6: [0, 0, 0, 0, 0, 0, 0, 0, 0, 0, 0, 0, 0, 0, 0, 0, 0, 0, 0, 0]
  Core 7: [0, 0, 0, 0, 0, 0, 0, 0, 0, 0, 0, 0, 0, 0, 0, 0, 0, 0, 0, 0]
6 - 5:
  Core 1: [0, 0, 0, 0, 0, 0, 0, 0, 0, 0, 0, 0, 0, 0, 0, 0, 0, 0, 0, 0]
  Core 2: [0, 0, 0, 0, 0, 0, 0, 0, 0, 0, 0, 0, 0, 0, 0, 0, 0, 0, 0, 0]
  Core 3: [0, 0, 0, 0, 0, 0, 0, 0, 0, 0, 0, 0, 0, 0, 0, 0, 0, 0, 0, 0]
  Core 4: [0, 0, 0, 0, 0, 0, 0, 0, 0, 0, 0, 0, 0, 0, 0, 0, 0, 0, 0, 0]
  Core 5: [0, 0, 0, 0, 0, 0, 0, 0, 0, 0, 0, 0, 0, 0, 0, 0, 0, 0, 0, 0]
  Core 6: [0, 0, 0, 0, 0, 0, 0, 0, 0, 0, 0, 0, 0, 0, 0, 0, 0, 0, 0, 0]
  Core 7: [0, 0, 0, 0, 0, 0, 0, 0, 0, 0, 0, 0, 0, 0, 0, 0, 0, 0, 0, 0]

Source: 3
Destination: 4
Path: 3 -> 2 -> 4
SP Length (km): 1400
Bandwidth (Gbps): 308
Selected Modulation Format: 8-QAM
FS Capacity: 12.5 GHz
Efficiency: 3
Slots needed (excluding guard bit): 9

Checking for path:  ['3', '2', '4']
  Allocated per link: [(frozenset({'2', '3'}), 4, 0), (frozenset({'2', '4'}), 6, 0)]

Current Slot Usage:
2 - 1:
  Core 1: [1, 1, 1, 1, 1, 1, 1, 1, 'G', 0, 0, 0, 0, 0, 0, 0, 0, 0, 0, 0]
  Core 2: [1, 1, 1, 1, 1, 1, 1, 1, 1, 1, 'G', 0, 0, 0, 0, 0, 0, 0, 0, 0]
  Core 3: [0, 0, 0, 0, 0, 0, 0, 0, 0, 0, 0, 0, 0, 0, 0, 0, 0, 0, 0, 0]
  Core 4: [1, 1, 1, 1, 1, 1, 1, 1, 1, 1, 1, 'G', 0, 0, 0, 0, 0, 0, 0, 0]
  Core 5: [1, 1, 1, 1, 1, 1, 1, 'G', 0, 0, 0, 0, 0, 0, 0, 0, 0, 0, 0, 0]
  Core 6: [1, 1, 1, 1, 1, 1, 1, 'G', 0, 0, 0, 0, 0, 0, 0, 0, 0, 0, 0, 0]
  Core 7: [0, 0, 0, 0, 0, 0, 0, 0, 0, 0, 0, 0, 0, 0, 0, 0, 0, 0, 0, 0]
3 - 1:
  Core 1: [1, 1, 1, 1, 1, 1, 1, 1, 1, 1, 'G', 0, 0, 0, 0, 0, 0, 0, 0, 0]
  Core 2: [1, 1, 1, 1, 'G', 0, 0, 0, 0, 0, 0, 0, 0, 0, 0, 0, 0, 0, 0, 0]
  Core 3: [0, 0, 0, 0, 0, 0, 0, 0, 0, 0, 0, 0, 0, 0, 0, 0, 0, 0, 0, 0]
  Core 4: [0, 0, 0, 0, 0, 0, 0, 0, 0, 0, 0, 0, 0, 0, 0, 0, 0, 0, 0, 0]
  Core 5: [0, 0, 0, 0, 0, 0, 0, 0, 0, 0, 0, 0, 0, 0, 0, 0, 0, 0, 0, 0]
  Core 6: [0, 0, 0, 0, 0, 0, 0, 0, 0, 0, 0, 0, 0, 0, 0, 0, 0, 0, 0, 0]
  Core 7: [0, 0, 0, 0, 0, 0, 0, 0, 0, 0, 0, 0, 0, 0, 0, 0, 0, 0, 0, 0]
2 - 3:
  Core 1: [1, 1, 1, 'G', 0, 0, 0, 0, 0, 0, 0, 0, 0, 0, 0, 0, 0, 0, 0, 0]
  Core 2: [1, 1, 1, 1, 1, 'G', 0, 0, 0, 0, 0, 0, 0, 0, 0, 0, 0, 0, 0, 0]
  Core 3: [0, 0, 0, 0, 0, 0, 0, 0, 0, 0, 0, 0, 0, 0, 0, 0, 0, 0, 0, 0]
  Core 4: [1, 1, 1, 1, 1, 1, 1, 1, 1, 'G', 0, 0, 0, 0, 0, 0, 0, 0, 0, 0]
  Core 5: [0, 0, 0, 0, 0, 0, 0, 0, 0, 0, 0, 0, 0, 0, 0, 0, 0, 0, 0, 0]
  Core 6: [0, 0, 0, 0, 0, 0, 0, 0, 0, 0, 0, 0, 0, 0, 0, 0, 0, 0, 0, 0]
  Core 7: [0, 0, 0, 0, 0, 0, 0, 0, 0, 0, 0, 0, 0, 0, 0, 0, 0, 0, 0, 0]
2 - 4:
  Core 1: [1, 1, 1, 1, 1, 1, 1, 1, 1, 1, 'G', 0, 0, 0, 0, 0, 0, 0, 0, 0]
  Core 2: [1, 1, 1, 1, 1, 1, 1, 'G', 0, 0, 0, 0, 0, 0, 0, 0, 0, 0, 0, 0]
  Core 3: [0, 0, 0, 0, 0, 0, 0, 0, 0, 0, 0, 0, 0, 0, 0, 0, 0, 0, 0, 0]
  Core 4: [1, 1, 1, 1, 1, 1, 'G', 0, 0, 0, 0, 0, 0, 0, 0, 0, 0, 0, 0, 0]
  Core 5: [1, 1, 1, 1, 'G', 0, 0, 0, 0, 0, 0, 0, 0, 0, 0, 0, 0, 0, 0, 0]
  Core 6: [1, 1, 1, 1, 1, 1, 1, 1, 1, 'G', 0, 0, 0, 0, 0, 0, 0, 0, 0, 0]
  Core 7: [0, 0, 0, 0, 0, 0, 0, 0, 0, 0, 0, 0, 0, 0, 0, 0, 0, 0, 0, 0]
2 - 5:
  Core 1: [1, 1, 1, 1, 1, 1, 1, 1, 1, 1, 1, 'G', 0, 0, 0, 0, 0, 0, 0, 0]
  Core 2: [1, 1, 1, 1, 1, 1, 'G', 0, 0, 0, 0, 0, 0, 0, 0, 0, 0, 0, 0, 0]
  Core 3: [0, 0, 0, 0, 0, 0, 0, 0, 0, 0, 0, 0, 0, 0, 0, 0, 0, 0, 0, 0]
  Core 4: [0, 0, 0, 0, 0, 0, 0, 0, 0, 0, 0, 0, 0, 0, 0, 0, 0, 0, 0, 0]
  Core 5: [0, 0, 0, 0, 0, 0, 0, 0, 0, 0, 0, 0, 0, 0, 0, 0, 0, 0, 0, 0]
  Core 6: [0, 0, 0, 0, 0, 0, 0, 0, 0, 0, 0, 0, 0, 0, 0, 0, 0, 0, 0, 0]
  Core 7: [0, 0, 0, 0, 0, 0, 0, 0, 0, 0, 0, 0, 0, 0, 0, 0, 0, 0, 0, 0]
5 - 3:
  Core 1: [0, 0, 0, 0, 0, 0, 0, 0, 0, 0, 0, 0, 0, 0, 0, 0, 0, 0, 0, 0]
  Core 2: [0, 0, 0, 0, 0, 0, 0, 0, 0, 0, 0, 0, 0, 0, 0, 0, 0, 0, 0, 0]
  Core 3: [0, 0, 0, 0, 0, 0, 0, 0, 0, 0, 0, 0, 0, 0, 0, 0, 0, 0, 0, 0]
  Core 4: [0, 0, 0, 0, 0, 0, 0, 0, 0, 0, 0, 0, 0, 0, 0, 0, 0, 0, 0, 0]
  Core 5: [0, 0, 0, 0, 0, 0, 0, 0, 0, 0, 0, 0, 0, 0, 0, 0, 0, 0, 0, 0]
  Core 6: [0, 0, 0, 0, 0, 0, 0, 0, 0, 0, 0, 0, 0, 0, 0, 0, 0, 0, 0, 0]
  Core 7: [0, 0, 0, 0, 0, 0, 0, 0, 0, 0, 0, 0, 0, 0, 0, 0, 0, 0, 0, 0]
5 - 4:
  Core 1: [0, 0, 0, 0, 0, 0, 0, 0, 0, 0, 0, 0, 0, 0, 0, 0, 0, 0, 0, 0]
  Core 2: [0, 0, 0, 0, 0, 0, 0, 0, 0, 0, 0, 0, 0, 0, 0, 0, 0, 0, 0, 0]
  Core 3: [0, 0, 0, 0, 0, 0, 0, 0, 0, 0, 0, 0, 0, 0, 0, 0, 0, 0, 0, 0]
  Core 4: [0, 0, 0, 0, 0, 0, 0, 0, 0, 0, 0, 0, 0, 0, 0, 0, 0, 0, 0, 0]
  Core 5: [0, 0, 0, 0, 0, 0, 0, 0, 0, 0, 0, 0, 0, 0, 0, 0, 0, 0, 0, 0]
  Core 6: [0, 0, 0, 0, 0, 0, 0, 0, 0, 0, 0, 0, 0, 0, 0, 0, 0, 0, 0, 0]
  Core 7: [0, 0, 0, 0, 0, 0, 0, 0, 0, 0, 0, 0, 0, 0, 0, 0, 0, 0, 0, 0]
6 - 4:
  Core 1: [1, 1, 1, 1, 1, 1, 1, 'G', 0, 0, 0, 0, 0, 0, 0, 0, 0, 0, 0, 0]
  Core 2: [1, 1, 1, 1, 'G', 0, 0, 0, 0, 0, 0, 0, 0, 0, 0, 0, 0, 0, 0, 0]
  Core 3: [0, 0, 0, 0, 0, 0, 0, 0, 0, 0, 0, 0, 0, 0, 0, 0, 0, 0, 0, 0]
  Core 4: [0, 0, 0, 0, 0, 0, 0, 0, 0, 0, 0, 0, 0, 0, 0, 0, 0, 0, 0, 0]
  Core 5: [0, 0, 0, 0, 0, 0, 0, 0, 0, 0, 0, 0, 0, 0, 0, 0, 0, 0, 0, 0]
  Core 6: [0, 0, 0, 0, 0, 0, 0, 0, 0, 0, 0, 0, 0, 0, 0, 0, 0, 0, 0, 0]
  Core 7: [0, 0, 0, 0, 0, 0, 0, 0, 0, 0, 0, 0, 0, 0, 0, 0, 0, 0, 0, 0]
6 - 5:
  Core 1: [0, 0, 0, 0, 0, 0, 0, 0, 0, 0, 0, 0, 0, 0, 0, 0, 0, 0, 0, 0]
  Core 2: [0, 0, 0, 0, 0, 0, 0, 0, 0, 0, 0, 0, 0, 0, 0, 0, 0, 0, 0, 0]
  Core 3: [0, 0, 0, 0, 0, 0, 0, 0, 0, 0, 0, 0, 0, 0, 0, 0, 0, 0, 0, 0]
  Core 4: [0, 0, 0, 0, 0, 0, 0, 0, 0, 0, 0, 0, 0, 0, 0, 0, 0, 0, 0, 0]
  Core 5: [0, 0, 0, 0, 0, 0, 0, 0, 0, 0, 0, 0, 0, 0, 0, 0, 0, 0, 0, 0]
  Core 6: [0, 0, 0, 0, 0, 0, 0, 0, 0, 0, 0, 0, 0, 0, 0, 0, 0, 0, 0, 0]
  Core 7: [0, 0, 0, 0, 0, 0, 0, 0, 0, 0, 0, 0, 0, 0, 0, 0, 0, 0, 0, 0]

Source: 3
Destination: 5
Path: 3 -> 5
SP Length (km): 800
Bandwidth (Gbps): 280
Selected Modulation Format: 16-QAM
FS Capacity: 12.5 GHz
Efficiency: 4
Slots needed (excluding guard bit): 6

Checking for path:  ['3', '5']
  Allocated per link: [(frozenset({'5', '3'}), 1, 0)]

Current Slot Usage:
2 - 1:
  Core 1: [1, 1, 1, 1, 1, 1, 1, 1, 'G', 0, 0, 0, 0, 0, 0, 0, 0, 0, 0, 0]
  Core 2: [1, 1, 1, 1, 1, 1, 1, 1, 1, 1, 'G', 0, 0, 0, 0, 0, 0, 0, 0, 0]
  Core 3: [0, 0, 0, 0, 0, 0, 0, 0, 0, 0, 0, 0, 0, 0, 0, 0, 0, 0, 0, 0]
  Core 4: [1, 1, 1, 1, 1, 1, 1, 1, 1, 1, 1, 'G', 0, 0, 0, 0, 0, 0, 0, 0]
  Core 5: [1, 1, 1, 1, 1, 1, 1, 'G', 0, 0, 0, 0, 0, 0, 0, 0, 0, 0, 0, 0]
  Core 6: [1, 1, 1, 1, 1, 1, 1, 'G', 0, 0, 0, 0, 0, 0, 0, 0, 0, 0, 0, 0]
  Core 7: [0, 0, 0, 0, 0, 0, 0, 0, 0, 0, 0, 0, 0, 0, 0, 0, 0, 0, 0, 0]
3 - 1:
  Core 1: [1, 1, 1, 1, 1, 1, 1, 1, 1, 1, 'G', 0, 0, 0, 0, 0, 0, 0, 0, 0]
  Core 2: [1, 1, 1, 1, 'G', 0, 0, 0, 0, 0, 0, 0, 0, 0, 0, 0, 0, 0, 0, 0]
  Core 3: [0, 0, 0, 0, 0, 0, 0, 0, 0, 0, 0, 0, 0, 0, 0, 0, 0, 0, 0, 0]
  Core 4: [0, 0, 0, 0, 0, 0, 0, 0, 0, 0, 0, 0, 0, 0, 0, 0, 0, 0, 0, 0]
  Core 5: [0, 0, 0, 0, 0, 0, 0, 0, 0, 0, 0, 0, 0, 0, 0, 0, 0, 0, 0, 0]
  Core 6: [0, 0, 0, 0, 0, 0, 0, 0, 0, 0, 0, 0, 0, 0, 0, 0, 0, 0, 0, 0]
  Core 7: [0, 0, 0, 0, 0, 0, 0, 0, 0, 0, 0, 0, 0, 0, 0, 0, 0, 0, 0, 0]
2 - 3:
  Core 1: [1, 1, 1, 'G', 0, 0, 0, 0, 0, 0, 0, 0, 0, 0, 0, 0, 0, 0, 0, 0]
  Core 2: [1, 1, 1, 1, 1, 'G', 0, 0, 0, 0, 0, 0, 0, 0, 0, 0, 0, 0, 0, 0]
  Core 3: [0, 0, 0, 0, 0, 0, 0, 0, 0, 0, 0, 0, 0, 0, 0, 0, 0, 0, 0, 0]
  Core 4: [1, 1, 1, 1, 1, 1, 1, 1, 1, 'G', 0, 0, 0, 0, 0, 0, 0, 0, 0, 0]
  Core 5: [0, 0, 0, 0, 0, 0, 0, 0, 0, 0, 0, 0, 0, 0, 0, 0, 0, 0, 0, 0]
  Core 6: [0, 0, 0, 0, 0, 0, 0, 0, 0, 0, 0, 0, 0, 0, 0, 0, 0, 0, 0, 0]
  Core 7: [0, 0, 0, 0, 0, 0, 0, 0, 0, 0, 0, 0, 0, 0, 0, 0, 0, 0, 0, 0]
2 - 4:
  Core 1: [1, 1, 1, 1, 1, 1, 1, 1, 1, 1, 'G', 0, 0, 0, 0, 0, 0, 0, 0, 0]
  Core 2: [1, 1, 1, 1, 1, 1, 1, 'G', 0, 0, 0, 0, 0, 0, 0, 0, 0, 0, 0, 0]
  Core 3: [0, 0, 0, 0, 0, 0, 0, 0, 0, 0, 0, 0, 0, 0, 0, 0, 0, 0, 0, 0]
  Core 4: [1, 1, 1, 1, 1, 1, 'G', 0, 0, 0, 0, 0, 0, 0, 0, 0, 0, 0, 0, 0]
  Core 5: [1, 1, 1, 1, 'G', 0, 0, 0, 0, 0, 0, 0, 0, 0, 0, 0, 0, 0, 0, 0]
  Core 6: [1, 1, 1, 1, 1, 1, 1, 1, 1, 'G', 0, 0, 0, 0, 0, 0, 0, 0, 0, 0]
  Core 7: [0, 0, 0, 0, 0, 0, 0, 0, 0, 0, 0, 0, 0, 0, 0, 0, 0, 0, 0, 0]
2 - 5:
  Core 1: [1, 1, 1, 1, 1, 1, 1, 1, 1, 1, 1, 'G', 0, 0, 0, 0, 0, 0, 0, 0]
  Core 2: [1, 1, 1, 1, 1, 1, 'G', 0, 0, 0, 0, 0, 0, 0, 0, 0, 0, 0, 0, 0]
  Core 3: [0, 0, 0, 0, 0, 0, 0, 0, 0, 0, 0, 0, 0, 0, 0, 0, 0, 0, 0, 0]
  Core 4: [0, 0, 0, 0, 0, 0, 0, 0, 0, 0, 0, 0, 0, 0, 0, 0, 0, 0, 0, 0]
  Core 5: [0, 0, 0, 0, 0, 0, 0, 0, 0, 0, 0, 0, 0, 0, 0, 0, 0, 0, 0, 0]
  Core 6: [0, 0, 0, 0, 0, 0, 0, 0, 0, 0, 0, 0, 0, 0, 0, 0, 0, 0, 0, 0]
  Core 7: [0, 0, 0, 0, 0, 0, 0, 0, 0, 0, 0, 0, 0, 0, 0, 0, 0, 0, 0, 0]
5 - 3:
  Core 1: [1, 1, 1, 1, 1, 1, 'G', 0, 0, 0, 0, 0, 0, 0, 0, 0, 0, 0, 0, 0]
  Core 2: [0, 0, 0, 0, 0, 0, 0, 0, 0, 0, 0, 0, 0, 0, 0, 0, 0, 0, 0, 0]
  Core 3: [0, 0, 0, 0, 0, 0, 0, 0, 0, 0, 0, 0, 0, 0, 0, 0, 0, 0, 0, 0]
  Core 4: [0, 0, 0, 0, 0, 0, 0, 0, 0, 0, 0, 0, 0, 0, 0, 0, 0, 0, 0, 0]
  Core 5: [0, 0, 0, 0, 0, 0, 0, 0, 0, 0, 0, 0, 0, 0, 0, 0, 0, 0, 0, 0]
  Core 6: [0, 0, 0, 0, 0, 0, 0, 0, 0, 0, 0, 0, 0, 0, 0, 0, 0, 0, 0, 0]
  Core 7: [0, 0, 0, 0, 0, 0, 0, 0, 0, 0, 0, 0, 0, 0, 0, 0, 0, 0, 0, 0]
5 - 4:
  Core 1: [0, 0, 0, 0, 0, 0, 0, 0, 0, 0, 0, 0, 0, 0, 0, 0, 0, 0, 0, 0]
  Core 2: [0, 0, 0, 0, 0, 0, 0, 0, 0, 0, 0, 0, 0, 0, 0, 0, 0, 0, 0, 0]
  Core 3: [0, 0, 0, 0, 0, 0, 0, 0, 0, 0, 0, 0, 0, 0, 0, 0, 0, 0, 0, 0]
  Core 4: [0, 0, 0, 0, 0, 0, 0, 0, 0, 0, 0, 0, 0, 0, 0, 0, 0, 0, 0, 0]
  Core 5: [0, 0, 0, 0, 0, 0, 0, 0, 0, 0, 0, 0, 0, 0, 0, 0, 0, 0, 0, 0]
  Core 6: [0, 0, 0, 0, 0, 0, 0, 0, 0, 0, 0, 0, 0, 0, 0, 0, 0, 0, 0, 0]
  Core 7: [0, 0, 0, 0, 0, 0, 0, 0, 0, 0, 0, 0, 0, 0, 0, 0, 0, 0, 0, 0]
6 - 4:
  Core 1: [1, 1, 1, 1, 1, 1, 1, 'G', 0, 0, 0, 0, 0, 0, 0, 0, 0, 0, 0, 0]
  Core 2: [1, 1, 1, 1, 'G', 0, 0, 0, 0, 0, 0, 0, 0, 0, 0, 0, 0, 0, 0, 0]
  Core 3: [0, 0, 0, 0, 0, 0, 0, 0, 0, 0, 0, 0, 0, 0, 0, 0, 0, 0, 0, 0]
  Core 4: [0, 0, 0, 0, 0, 0, 0, 0, 0, 0, 0, 0, 0, 0, 0, 0, 0, 0, 0, 0]
  Core 5: [0, 0, 0, 0, 0, 0, 0, 0, 0, 0, 0, 0, 0, 0, 0, 0, 0, 0, 0, 0]
  Core 6: [0, 0, 0, 0, 0, 0, 0, 0, 0, 0, 0, 0, 0, 0, 0, 0, 0, 0, 0, 0]
  Core 7: [0, 0, 0, 0, 0, 0, 0, 0, 0, 0, 0, 0, 0, 0, 0, 0, 0, 0, 0, 0]
6 - 5:
  Core 1: [0, 0, 0, 0, 0, 0, 0, 0, 0, 0, 0, 0, 0, 0, 0, 0, 0, 0, 0, 0]
  Core 2: [0, 0, 0, 0, 0, 0, 0, 0, 0, 0, 0, 0, 0, 0, 0, 0, 0, 0, 0, 0]
  Core 3: [0, 0, 0, 0, 0, 0, 0, 0, 0, 0, 0, 0, 0, 0, 0, 0, 0, 0, 0, 0]
  Core 4: [0, 0, 0, 0, 0, 0, 0, 0, 0, 0, 0, 0, 0, 0, 0, 0, 0, 0, 0, 0]
  Core 5: [0, 0, 0, 0, 0, 0, 0, 0, 0, 0, 0, 0, 0, 0, 0, 0, 0, 0, 0, 0]
  Core 6: [0, 0, 0, 0, 0, 0, 0, 0, 0, 0, 0, 0, 0, 0, 0, 0, 0, 0, 0, 0]
  Core 7: [0, 0, 0, 0, 0, 0, 0, 0, 0, 0, 0, 0, 0, 0, 0, 0, 0, 0, 0, 0]

Source: 3
Destination: 6
Path: 3 -> 5 -> 6
SP Length (km): 2000
Bandwidth (Gbps): 132
Selected Modulation Format: 8-QAM
FS Capacity: 12.5 GHz
Efficiency: 3
Slots needed (excluding guard bit): 4

Checking for path:  ['3', '5', '6']
  Allocated per link: [(frozenset({'5', '3'}), 2, 0), (frozenset({'6', '5'}), 1, 0)]

Current Slot Usage:
2 - 1:
  Core 1: [1, 1, 1, 1, 1, 1, 1, 1, 'G', 0, 0, 0, 0, 0, 0, 0, 0, 0, 0, 0]
  Core 2: [1, 1, 1, 1, 1, 1, 1, 1, 1, 1, 'G', 0, 0, 0, 0, 0, 0, 0, 0, 0]
  Core 3: [0, 0, 0, 0, 0, 0, 0, 0, 0, 0, 0, 0, 0, 0, 0, 0, 0, 0, 0, 0]
  Core 4: [1, 1, 1, 1, 1, 1, 1, 1, 1, 1, 1, 'G', 0, 0, 0, 0, 0, 0, 0, 0]
  Core 5: [1, 1, 1, 1, 1, 1, 1, 'G', 0, 0, 0, 0, 0, 0, 0, 0, 0, 0, 0, 0]
  Core 6: [1, 1, 1, 1, 1, 1, 1, 'G', 0, 0, 0, 0, 0, 0, 0, 0, 0, 0, 0, 0]
  Core 7: [0, 0, 0, 0, 0, 0, 0, 0, 0, 0, 0, 0, 0, 0, 0, 0, 0, 0, 0, 0]
3 - 1:
  Core 1: [1, 1, 1, 1, 1, 1, 1, 1, 1, 1, 'G', 0, 0, 0, 0, 0, 0, 0, 0, 0]
  Core 2: [1, 1, 1, 1, 'G', 0, 0, 0, 0, 0, 0, 0, 0, 0, 0, 0, 0, 0, 0, 0]
  Core 3: [0, 0, 0, 0, 0, 0, 0, 0, 0, 0, 0, 0, 0, 0, 0, 0, 0, 0, 0, 0]
  Core 4: [0, 0, 0, 0, 0, 0, 0, 0, 0, 0, 0, 0, 0, 0, 0, 0, 0, 0, 0, 0]
  Core 5: [0, 0, 0, 0, 0, 0, 0, 0, 0, 0, 0, 0, 0, 0, 0, 0, 0, 0, 0, 0]
  Core 6: [0, 0, 0, 0, 0, 0, 0, 0, 0, 0, 0, 0, 0, 0, 0, 0, 0, 0, 0, 0]
  Core 7: [0, 0, 0, 0, 0, 0, 0, 0, 0, 0, 0, 0, 0, 0, 0, 0, 0, 0, 0, 0]
2 - 3:
  Core 1: [1, 1, 1, 'G', 0, 0, 0, 0, 0, 0, 0, 0, 0, 0, 0, 0, 0, 0, 0, 0]
  Core 2: [1, 1, 1, 1, 1, 'G', 0, 0, 0, 0, 0, 0, 0, 0, 0, 0, 0, 0, 0, 0]
  Core 3: [0, 0, 0, 0, 0, 0, 0, 0, 0, 0, 0, 0, 0, 0, 0, 0, 0, 0, 0, 0]
  Core 4: [1, 1, 1, 1, 1, 1, 1, 1, 1, 'G', 0, 0, 0, 0, 0, 0, 0, 0, 0, 0]
  Core 5: [0, 0, 0, 0, 0, 0, 0, 0, 0, 0, 0, 0, 0, 0, 0, 0, 0, 0, 0, 0]
  Core 6: [0, 0, 0, 0, 0, 0, 0, 0, 0, 0, 0, 0, 0, 0, 0, 0, 0, 0, 0, 0]
  Core 7: [0, 0, 0, 0, 0, 0, 0, 0, 0, 0, 0, 0, 0, 0, 0, 0, 0, 0, 0, 0]
2 - 4:
  Core 1: [1, 1, 1, 1, 1, 1, 1, 1, 1, 1, 'G', 0, 0, 0, 0, 0, 0, 0, 0, 0]
  Core 2: [1, 1, 1, 1, 1, 1, 1, 'G', 0, 0, 0, 0, 0, 0, 0, 0, 0, 0, 0, 0]
  Core 3: [0, 0, 0, 0, 0, 0, 0, 0, 0, 0, 0, 0, 0, 0, 0, 0, 0, 0, 0, 0]
  Core 4: [1, 1, 1, 1, 1, 1, 'G', 0, 0, 0, 0, 0, 0, 0, 0, 0, 0, 0, 0, 0]
  Core 5: [1, 1, 1, 1, 'G', 0, 0, 0, 0, 0, 0, 0, 0, 0, 0, 0, 0, 0, 0, 0]
  Core 6: [1, 1, 1, 1, 1, 1, 1, 1, 1, 'G', 0, 0, 0, 0, 0, 0, 0, 0, 0, 0]
  Core 7: [0, 0, 0, 0, 0, 0, 0, 0, 0, 0, 0, 0, 0, 0, 0, 0, 0, 0, 0, 0]
2 - 5:
  Core 1: [1, 1, 1, 1, 1, 1, 1, 1, 1, 1, 1, 'G', 0, 0, 0, 0, 0, 0, 0, 0]
  Core 2: [1, 1, 1, 1, 1, 1, 'G', 0, 0, 0, 0, 0, 0, 0, 0, 0, 0, 0, 0, 0]
  Core 3: [0, 0, 0, 0, 0, 0, 0, 0, 0, 0, 0, 0, 0, 0, 0, 0, 0, 0, 0, 0]
  Core 4: [0, 0, 0, 0, 0, 0, 0, 0, 0, 0, 0, 0, 0, 0, 0, 0, 0, 0, 0, 0]
  Core 5: [0, 0, 0, 0, 0, 0, 0, 0, 0, 0, 0, 0, 0, 0, 0, 0, 0, 0, 0, 0]
  Core 6: [0, 0, 0, 0, 0, 0, 0, 0, 0, 0, 0, 0, 0, 0, 0, 0, 0, 0, 0, 0]
  Core 7: [0, 0, 0, 0, 0, 0, 0, 0, 0, 0, 0, 0, 0, 0, 0, 0, 0, 0, 0, 0]
5 - 3:
  Core 1: [1, 1, 1, 1, 1, 1, 'G', 0, 0, 0, 0, 0, 0, 0, 0, 0, 0, 0, 0, 0]
  Core 2: [1, 1, 1, 1, 'G', 0, 0, 0, 0, 0, 0, 0, 0, 0, 0, 0, 0, 0, 0, 0]
  Core 3: [0, 0, 0, 0, 0, 0, 0, 0, 0, 0, 0, 0, 0, 0, 0, 0, 0, 0, 0, 0]
  Core 4: [0, 0, 0, 0, 0, 0, 0, 0, 0, 0, 0, 0, 0, 0, 0, 0, 0, 0, 0, 0]
  Core 5: [0, 0, 0, 0, 0, 0, 0, 0, 0, 0, 0, 0, 0, 0, 0, 0, 0, 0, 0, 0]
  Core 6: [0, 0, 0, 0, 0, 0, 0, 0, 0, 0, 0, 0, 0, 0, 0, 0, 0, 0, 0, 0]
  Core 7: [0, 0, 0, 0, 0, 0, 0, 0, 0, 0, 0, 0, 0, 0, 0, 0, 0, 0, 0, 0]
5 - 4:
  Core 1: [0, 0, 0, 0, 0, 0, 0, 0, 0, 0, 0, 0, 0, 0, 0, 0, 0, 0, 0, 0]
  Core 2: [0, 0, 0, 0, 0, 0, 0, 0, 0, 0, 0, 0, 0, 0, 0, 0, 0, 0, 0, 0]
  Core 3: [0, 0, 0, 0, 0, 0, 0, 0, 0, 0, 0, 0, 0, 0, 0, 0, 0, 0, 0, 0]
  Core 4: [0, 0, 0, 0, 0, 0, 0, 0, 0, 0, 0, 0, 0, 0, 0, 0, 0, 0, 0, 0]
  Core 5: [0, 0, 0, 0, 0, 0, 0, 0, 0, 0, 0, 0, 0, 0, 0, 0, 0, 0, 0, 0]
  Core 6: [0, 0, 0, 0, 0, 0, 0, 0, 0, 0, 0, 0, 0, 0, 0, 0, 0, 0, 0, 0]
  Core 7: [0, 0, 0, 0, 0, 0, 0, 0, 0, 0, 0, 0, 0, 0, 0, 0, 0, 0, 0, 0]
6 - 4:
  Core 1: [1, 1, 1, 1, 1, 1, 1, 'G', 0, 0, 0, 0, 0, 0, 0, 0, 0, 0, 0, 0]
  Core 2: [1, 1, 1, 1, 'G', 0, 0, 0, 0, 0, 0, 0, 0, 0, 0, 0, 0, 0, 0, 0]
  Core 3: [0, 0, 0, 0, 0, 0, 0, 0, 0, 0, 0, 0, 0, 0, 0, 0, 0, 0, 0, 0]
  Core 4: [0, 0, 0, 0, 0, 0, 0, 0, 0, 0, 0, 0, 0, 0, 0, 0, 0, 0, 0, 0]
  Core 5: [0, 0, 0, 0, 0, 0, 0, 0, 0, 0, 0, 0, 0, 0, 0, 0, 0, 0, 0, 0]
  Core 6: [0, 0, 0, 0, 0, 0, 0, 0, 0, 0, 0, 0, 0, 0, 0, 0, 0, 0, 0, 0]
  Core 7: [0, 0, 0, 0, 0, 0, 0, 0, 0, 0, 0, 0, 0, 0, 0, 0, 0, 0, 0, 0]
6 - 5:
  Core 1: [1, 1, 1, 1, 'G', 0, 0, 0, 0, 0, 0, 0, 0, 0, 0, 0, 0, 0, 0, 0]
  Core 2: [0, 0, 0, 0, 0, 0, 0, 0, 0, 0, 0, 0, 0, 0, 0, 0, 0, 0, 0, 0]
  Core 3: [0, 0, 0, 0, 0, 0, 0, 0, 0, 0, 0, 0, 0, 0, 0, 0, 0, 0, 0, 0]
  Core 4: [0, 0, 0, 0, 0, 0, 0, 0, 0, 0, 0, 0, 0, 0, 0, 0, 0, 0, 0, 0]
  Core 5: [0, 0, 0, 0, 0, 0, 0, 0, 0, 0, 0, 0, 0, 0, 0, 0, 0, 0, 0, 0]
  Core 6: [0, 0, 0, 0, 0, 0, 0, 0, 0, 0, 0, 0, 0, 0, 0, 0, 0, 0, 0, 0]
  Core 7: [0, 0, 0, 0, 0, 0, 0, 0, 0, 0, 0, 0, 0, 0, 0, 0, 0, 0, 0, 0]

Source: 4
Destination: 1
Path: 4 -> 2 -> 1
SP Length (km): 1800
Bandwidth (Gbps): 137
Selected Modulation Format: 8-QAM
FS Capacity: 12.5 GHz
Efficiency: 3
Slots needed (excluding guard bit): 4

Checking for path:  ['4', '2', '1']
  Allocated per link: [(frozenset({'2', '4'}), 5, 5), (frozenset({'2', '1'}), 7, 7)]

Current Slot Usage:
2 - 1:
  Core 1: [1, 1, 1, 1, 1, 1, 1, 1, 'G', 0, 0, 0, 0, 0, 0, 0, 0, 0, 0, 0]
  Core 2: [1, 1, 1, 1, 1, 1, 1, 1, 1, 1, 'G', 0, 0, 0, 0, 0, 0, 0, 0, 0]
  Core 3: [0, 0, 0, 0, 0, 0, 0, 0, 0, 0, 0, 0, 0, 0, 0, 0, 0, 0, 0, 0]
  Core 4: [1, 1, 1, 1, 1, 1, 1, 1, 1, 1, 1, 'G', 0, 0, 0, 0, 0, 0, 0, 0]
  Core 5: [1, 1, 1, 1, 1, 1, 1, 'G', 0, 0, 0, 0, 0, 0, 0, 0, 0, 0, 0, 0]
  Core 6: [1, 1, 1, 1, 1, 1, 1, 'G', 0, 0, 0, 0, 0, 0, 0, 0, 0, 0, 0, 0]
  Core 7: [0, 0, 0, 0, 0, 0, 0, 1, 1, 1, 1, 'G', 0, 0, 0, 0, 0, 0, 0, 0]
3 - 1:
  Core 1: [1, 1, 1, 1, 1, 1, 1, 1, 1, 1, 'G', 0, 0, 0, 0, 0, 0, 0, 0, 0]
  Core 2: [1, 1, 1, 1, 'G', 0, 0, 0, 0, 0, 0, 0, 0, 0, 0, 0, 0, 0, 0, 0]
  Core 3: [0, 0, 0, 0, 0, 0, 0, 0, 0, 0, 0, 0, 0, 0, 0, 0, 0, 0, 0, 0]
  Core 4: [0, 0, 0, 0, 0, 0, 0, 0, 0, 0, 0, 0, 0, 0, 0, 0, 0, 0, 0, 0]
  Core 5: [0, 0, 0, 0, 0, 0, 0, 0, 0, 0, 0, 0, 0, 0, 0, 0, 0, 0, 0, 0]
  Core 6: [0, 0, 0, 0, 0, 0, 0, 0, 0, 0, 0, 0, 0, 0, 0, 0, 0, 0, 0, 0]
  Core 7: [0, 0, 0, 0, 0, 0, 0, 0, 0, 0, 0, 0, 0, 0, 0, 0, 0, 0, 0, 0]
2 - 3:
  Core 1: [1, 1, 1, 'G', 0, 0, 0, 0, 0, 0, 0, 0, 0, 0, 0, 0, 0, 0, 0, 0]
  Core 2: [1, 1, 1, 1, 1, 'G', 0, 0, 0, 0, 0, 0, 0, 0, 0, 0, 0, 0, 0, 0]
  Core 3: [0, 0, 0, 0, 0, 0, 0, 0, 0, 0, 0, 0, 0, 0, 0, 0, 0, 0, 0, 0]
  Core 4: [1, 1, 1, 1, 1, 1, 1, 1, 1, 'G', 0, 0, 0, 0, 0, 0, 0, 0, 0, 0]
  Core 5: [0, 0, 0, 0, 0, 0, 0, 0, 0, 0, 0, 0, 0, 0, 0, 0, 0, 0, 0, 0]
  Core 6: [0, 0, 0, 0, 0, 0, 0, 0, 0, 0, 0, 0, 0, 0, 0, 0, 0, 0, 0, 0]
  Core 7: [0, 0, 0, 0, 0, 0, 0, 0, 0, 0, 0, 0, 0, 0, 0, 0, 0, 0, 0, 0]
2 - 4:
  Core 1: [1, 1, 1, 1, 1, 1, 1, 1, 1, 1, 'G', 0, 0, 0, 0, 0, 0, 0, 0, 0]
  Core 2: [1, 1, 1, 1, 1, 1, 1, 'G', 0, 0, 0, 0, 0, 0, 0, 0, 0, 0, 0, 0]
  Core 3: [0, 0, 0, 0, 0, 0, 0, 0, 0, 0, 0, 0, 0, 0, 0, 0, 0, 0, 0, 0]
  Core 4: [1, 1, 1, 1, 1, 1, 'G', 0, 0, 0, 0, 0, 0, 0, 0, 0, 0, 0, 0, 0]
  Core 5: [1, 1, 1, 1, 'G', 1, 1, 1, 1, 'G', 0, 0, 0, 0, 0, 0, 0, 0, 0, 0]
  Core 6: [1, 1, 1, 1, 1, 1, 1, 1, 1, 'G', 0, 0, 0, 0, 0, 0, 0, 0, 0, 0]
  Core 7: [0, 0, 0, 0, 0, 0, 0, 0, 0, 0, 0, 0, 0, 0, 0, 0, 0, 0, 0, 0]
2 - 5:
  Core 1: [1, 1, 1, 1, 1, 1, 1, 1, 1, 1, 1, 'G', 0, 0, 0, 0, 0, 0, 0, 0]
  Core 2: [1, 1, 1, 1, 1, 1, 'G', 0, 0, 0, 0, 0, 0, 0, 0, 0, 0, 0, 0, 0]
  Core 3: [0, 0, 0, 0, 0, 0, 0, 0, 0, 0, 0, 0, 0, 0, 0, 0, 0, 0, 0, 0]
  Core 4: [0, 0, 0, 0, 0, 0, 0, 0, 0, 0, 0, 0, 0, 0, 0, 0, 0, 0, 0, 0]
  Core 5: [0, 0, 0, 0, 0, 0, 0, 0, 0, 0, 0, 0, 0, 0, 0, 0, 0, 0, 0, 0]
  Core 6: [0, 0, 0, 0, 0, 0, 0, 0, 0, 0, 0, 0, 0, 0, 0, 0, 0, 0, 0, 0]
  Core 7: [0, 0, 0, 0, 0, 0, 0, 0, 0, 0, 0, 0, 0, 0, 0, 0, 0, 0, 0, 0]
5 - 3:
  Core 1: [1, 1, 1, 1, 1, 1, 'G', 0, 0, 0, 0, 0, 0, 0, 0, 0, 0, 0, 0, 0]
  Core 2: [1, 1, 1, 1, 'G', 0, 0, 0, 0, 0, 0, 0, 0, 0, 0, 0, 0, 0, 0, 0]
  Core 3: [0, 0, 0, 0, 0, 0, 0, 0, 0, 0, 0, 0, 0, 0, 0, 0, 0, 0, 0, 0]
  Core 4: [0, 0, 0, 0, 0, 0, 0, 0, 0, 0, 0, 0, 0, 0, 0, 0, 0, 0, 0, 0]
  Core 5: [0, 0, 0, 0, 0, 0, 0, 0, 0, 0, 0, 0, 0, 0, 0, 0, 0, 0, 0, 0]
  Core 6: [0, 0, 0, 0, 0, 0, 0, 0, 0, 0, 0, 0, 0, 0, 0, 0, 0, 0, 0, 0]
  Core 7: [0, 0, 0, 0, 0, 0, 0, 0, 0, 0, 0, 0, 0, 0, 0, 0, 0, 0, 0, 0]
5 - 4:
  Core 1: [0, 0, 0, 0, 0, 0, 0, 0, 0, 0, 0, 0, 0, 0, 0, 0, 0, 0, 0, 0]
  Core 2: [0, 0, 0, 0, 0, 0, 0, 0, 0, 0, 0, 0, 0, 0, 0, 0, 0, 0, 0, 0]
  Core 3: [0, 0, 0, 0, 0, 0, 0, 0, 0, 0, 0, 0, 0, 0, 0, 0, 0, 0, 0, 0]
  Core 4: [0, 0, 0, 0, 0, 0, 0, 0, 0, 0, 0, 0, 0, 0, 0, 0, 0, 0, 0, 0]
  Core 5: [0, 0, 0, 0, 0, 0, 0, 0, 0, 0, 0, 0, 0, 0, 0, 0, 0, 0, 0, 0]
  Core 6: [0, 0, 0, 0, 0, 0, 0, 0, 0, 0, 0, 0, 0, 0, 0, 0, 0, 0, 0, 0]
  Core 7: [0, 0, 0, 0, 0, 0, 0, 0, 0, 0, 0, 0, 0, 0, 0, 0, 0, 0, 0, 0]
6 - 4:
  Core 1: [1, 1, 1, 1, 1, 1, 1, 'G', 0, 0, 0, 0, 0, 0, 0, 0, 0, 0, 0, 0]
  Core 2: [1, 1, 1, 1, 'G', 0, 0, 0, 0, 0, 0, 0, 0, 0, 0, 0, 0, 0, 0, 0]
  Core 3: [0, 0, 0, 0, 0, 0, 0, 0, 0, 0, 0, 0, 0, 0, 0, 0, 0, 0, 0, 0]
  Core 4: [0, 0, 0, 0, 0, 0, 0, 0, 0, 0, 0, 0, 0, 0, 0, 0, 0, 0, 0, 0]
  Core 5: [0, 0, 0, 0, 0, 0, 0, 0, 0, 0, 0, 0, 0, 0, 0, 0, 0, 0, 0, 0]
  Core 6: [0, 0, 0, 0, 0, 0, 0, 0, 0, 0, 0, 0, 0, 0, 0, 0, 0, 0, 0, 0]
  Core 7: [0, 0, 0, 0, 0, 0, 0, 0, 0, 0, 0, 0, 0, 0, 0, 0, 0, 0, 0, 0]
6 - 5:
  Core 1: [1, 1, 1, 1, 'G', 0, 0, 0, 0, 0, 0, 0, 0, 0, 0, 0, 0, 0, 0, 0]
  Core 2: [0, 0, 0, 0, 0, 0, 0, 0, 0, 0, 0, 0, 0, 0, 0, 0, 0, 0, 0, 0]
  Core 3: [0, 0, 0, 0, 0, 0, 0, 0, 0, 0, 0, 0, 0, 0, 0, 0, 0, 0, 0, 0]
  Core 4: [0, 0, 0, 0, 0, 0, 0, 0, 0, 0, 0, 0, 0, 0, 0, 0, 0, 0, 0, 0]
  Core 5: [0, 0, 0, 0, 0, 0, 0, 0, 0, 0, 0, 0, 0, 0, 0, 0, 0, 0, 0, 0]
  Core 6: [0, 0, 0, 0, 0, 0, 0, 0, 0, 0, 0, 0, 0, 0, 0, 0, 0, 0, 0, 0]
  Core 7: [0, 0, 0, 0, 0, 0, 0, 0, 0, 0, 0, 0, 0, 0, 0, 0, 0, 0, 0, 0]

Source: 4
Destination: 2
Path: 4 -> 2
SP Length (km): 800
Bandwidth (Gbps): 362
Selected Modulation Format: 16-QAM
FS Capacity: 12.5 GHz
Efficiency: 4
Slots needed (excluding guard bit): 8

Checking for path:  ['4', '2']
  Allocated per link: [(frozenset({'2', '4'}), 7, 6)]

Current Slot Usage:
2 - 1:
  Core 1: [1, 1, 1, 1, 1, 1, 1, 1, 'G', 0, 0, 0, 0, 0, 0, 0, 0, 0, 0, 0]
  Core 2: [1, 1, 1, 1, 1, 1, 1, 1, 1, 1, 'G', 0, 0, 0, 0, 0, 0, 0, 0, 0]
  Core 3: [0, 0, 0, 0, 0, 0, 0, 0, 0, 0, 0, 0, 0, 0, 0, 0, 0, 0, 0, 0]
  Core 4: [1, 1, 1, 1, 1, 1, 1, 1, 1, 1, 1, 'G', 0, 0, 0, 0, 0, 0, 0, 0]
  Core 5: [1, 1, 1, 1, 1, 1, 1, 'G', 0, 0, 0, 0, 0, 0, 0, 0, 0, 0, 0, 0]
  Core 6: [1, 1, 1, 1, 1, 1, 1, 'G', 0, 0, 0, 0, 0, 0, 0, 0, 0, 0, 0, 0]
  Core 7: [0, 0, 0, 0, 0, 0, 0, 1, 1, 1, 1, 'G', 0, 0, 0, 0, 0, 0, 0, 0]
3 - 1:
  Core 1: [1, 1, 1, 1, 1, 1, 1, 1, 1, 1, 'G', 0, 0, 0, 0, 0, 0, 0, 0, 0]
  Core 2: [1, 1, 1, 1, 'G', 0, 0, 0, 0, 0, 0, 0, 0, 0, 0, 0, 0, 0, 0, 0]
  Core 3: [0, 0, 0, 0, 0, 0, 0, 0, 0, 0, 0, 0, 0, 0, 0, 0, 0, 0, 0, 0]
  Core 4: [0, 0, 0, 0, 0, 0, 0, 0, 0, 0, 0, 0, 0, 0, 0, 0, 0, 0, 0, 0]
  Core 5: [0, 0, 0, 0, 0, 0, 0, 0, 0, 0, 0, 0, 0, 0, 0, 0, 0, 0, 0, 0]
  Core 6: [0, 0, 0, 0, 0, 0, 0, 0, 0, 0, 0, 0, 0, 0, 0, 0, 0, 0, 0, 0]
  Core 7: [0, 0, 0, 0, 0, 0, 0, 0, 0, 0, 0, 0, 0, 0, 0, 0, 0, 0, 0, 0]
2 - 3:
  Core 1: [1, 1, 1, 'G', 0, 0, 0, 0, 0, 0, 0, 0, 0, 0, 0, 0, 0, 0, 0, 0]
  Core 2: [1, 1, 1, 1, 1, 'G', 0, 0, 0, 0, 0, 0, 0, 0, 0, 0, 0, 0, 0, 0]
  Core 3: [0, 0, 0, 0, 0, 0, 0, 0, 0, 0, 0, 0, 0, 0, 0, 0, 0, 0, 0, 0]
  Core 4: [1, 1, 1, 1, 1, 1, 1, 1, 1, 'G', 0, 0, 0, 0, 0, 0, 0, 0, 0, 0]
  Core 5: [0, 0, 0, 0, 0, 0, 0, 0, 0, 0, 0, 0, 0, 0, 0, 0, 0, 0, 0, 0]
  Core 6: [0, 0, 0, 0, 0, 0, 0, 0, 0, 0, 0, 0, 0, 0, 0, 0, 0, 0, 0, 0]
  Core 7: [0, 0, 0, 0, 0, 0, 0, 0, 0, 0, 0, 0, 0, 0, 0, 0, 0, 0, 0, 0]
2 - 4:
  Core 1: [1, 1, 1, 1, 1, 1, 1, 1, 1, 1, 'G', 0, 0, 0, 0, 0, 0, 0, 0, 0]
  Core 2: [1, 1, 1, 1, 1, 1, 1, 'G', 0, 0, 0, 0, 0, 0, 0, 0, 0, 0, 0, 0]
  Core 3: [0, 0, 0, 0, 0, 0, 0, 0, 0, 0, 0, 0, 0, 0, 0, 0, 0, 0, 0, 0]
  Core 4: [1, 1, 1, 1, 1, 1, 'G', 0, 0, 0, 0, 0, 0, 0, 0, 0, 0, 0, 0, 0]
  Core 5: [1, 1, 1, 1, 'G', 1, 1, 1, 1, 'G', 0, 0, 0, 0, 0, 0, 0, 0, 0, 0]
  Core 6: [1, 1, 1, 1, 1, 1, 1, 1, 1, 'G', 0, 0, 0, 0, 0, 0, 0, 0, 0, 0]
  Core 7: [0, 0, 0, 0, 0, 0, 1, 1, 1, 1, 1, 1, 1, 1, 'G', 0, 0, 0, 0, 0]
2 - 5:
  Core 1: [1, 1, 1, 1, 1, 1, 1, 1, 1, 1, 1, 'G', 0, 0, 0, 0, 0, 0, 0, 0]
  Core 2: [1, 1, 1, 1, 1, 1, 'G', 0, 0, 0, 0, 0, 0, 0, 0, 0, 0, 0, 0, 0]
  Core 3: [0, 0, 0, 0, 0, 0, 0, 0, 0, 0, 0, 0, 0, 0, 0, 0, 0, 0, 0, 0]
  Core 4: [0, 0, 0, 0, 0, 0, 0, 0, 0, 0, 0, 0, 0, 0, 0, 0, 0, 0, 0, 0]
  Core 5: [0, 0, 0, 0, 0, 0, 0, 0, 0, 0, 0, 0, 0, 0, 0, 0, 0, 0, 0, 0]
  Core 6: [0, 0, 0, 0, 0, 0, 0, 0, 0, 0, 0, 0, 0, 0, 0, 0, 0, 0, 0, 0]
  Core 7: [0, 0, 0, 0, 0, 0, 0, 0, 0, 0, 0, 0, 0, 0, 0, 0, 0, 0, 0, 0]
5 - 3:
  Core 1: [1, 1, 1, 1, 1, 1, 'G', 0, 0, 0, 0, 0, 0, 0, 0, 0, 0, 0, 0, 0]
  Core 2: [1, 1, 1, 1, 'G', 0, 0, 0, 0, 0, 0, 0, 0, 0, 0, 0, 0, 0, 0, 0]
  Core 3: [0, 0, 0, 0, 0, 0, 0, 0, 0, 0, 0, 0, 0, 0, 0, 0, 0, 0, 0, 0]
  Core 4: [0, 0, 0, 0, 0, 0, 0, 0, 0, 0, 0, 0, 0, 0, 0, 0, 0, 0, 0, 0]
  Core 5: [0, 0, 0, 0, 0, 0, 0, 0, 0, 0, 0, 0, 0, 0, 0, 0, 0, 0, 0, 0]
  Core 6: [0, 0, 0, 0, 0, 0, 0, 0, 0, 0, 0, 0, 0, 0, 0, 0, 0, 0, 0, 0]
  Core 7: [0, 0, 0, 0, 0, 0, 0, 0, 0, 0, 0, 0, 0, 0, 0, 0, 0, 0, 0, 0]
5 - 4:
  Core 1: [0, 0, 0, 0, 0, 0, 0, 0, 0, 0, 0, 0, 0, 0, 0, 0, 0, 0, 0, 0]
  Core 2: [0, 0, 0, 0, 0, 0, 0, 0, 0, 0, 0, 0, 0, 0, 0, 0, 0, 0, 0, 0]
  Core 3: [0, 0, 0, 0, 0, 0, 0, 0, 0, 0, 0, 0, 0, 0, 0, 0, 0, 0, 0, 0]
  Core 4: [0, 0, 0, 0, 0, 0, 0, 0, 0, 0, 0, 0, 0, 0, 0, 0, 0, 0, 0, 0]
  Core 5: [0, 0, 0, 0, 0, 0, 0, 0, 0, 0, 0, 0, 0, 0, 0, 0, 0, 0, 0, 0]
  Core 6: [0, 0, 0, 0, 0, 0, 0, 0, 0, 0, 0, 0, 0, 0, 0, 0, 0, 0, 0, 0]
  Core 7: [0, 0, 0, 0, 0, 0, 0, 0, 0, 0, 0, 0, 0, 0, 0, 0, 0, 0, 0, 0]
6 - 4:
  Core 1: [1, 1, 1, 1, 1, 1, 1, 'G', 0, 0, 0, 0, 0, 0, 0, 0, 0, 0, 0, 0]
  Core 2: [1, 1, 1, 1, 'G', 0, 0, 0, 0, 0, 0, 0, 0, 0, 0, 0, 0, 0, 0, 0]
  Core 3: [0, 0, 0, 0, 0, 0, 0, 0, 0, 0, 0, 0, 0, 0, 0, 0, 0, 0, 0, 0]
  Core 4: [0, 0, 0, 0, 0, 0, 0, 0, 0, 0, 0, 0, 0, 0, 0, 0, 0, 0, 0, 0]
  Core 5: [0, 0, 0, 0, 0, 0, 0, 0, 0, 0, 0, 0, 0, 0, 0, 0, 0, 0, 0, 0]
  Core 6: [0, 0, 0, 0, 0, 0, 0, 0, 0, 0, 0, 0, 0, 0, 0, 0, 0, 0, 0, 0]
  Core 7: [0, 0, 0, 0, 0, 0, 0, 0, 0, 0, 0, 0, 0, 0, 0, 0, 0, 0, 0, 0]
6 - 5:
  Core 1: [1, 1, 1, 1, 'G', 0, 0, 0, 0, 0, 0, 0, 0, 0, 0, 0, 0, 0, 0, 0]
  Core 2: [0, 0, 0, 0, 0, 0, 0, 0, 0, 0, 0, 0, 0, 0, 0, 0, 0, 0, 0, 0]
  Core 3: [0, 0, 0, 0, 0, 0, 0, 0, 0, 0, 0, 0, 0, 0, 0, 0, 0, 0, 0, 0]
  Core 4: [0, 0, 0, 0, 0, 0, 0, 0, 0, 0, 0, 0, 0, 0, 0, 0, 0, 0, 0, 0]
  Core 5: [0, 0, 0, 0, 0, 0, 0, 0, 0, 0, 0, 0, 0, 0, 0, 0, 0, 0, 0, 0]
  Core 6: [0, 0, 0, 0, 0, 0, 0, 0, 0, 0, 0, 0, 0, 0, 0, 0, 0, 0, 0, 0]
  Core 7: [0, 0, 0, 0, 0, 0, 0, 0, 0, 0, 0, 0, 0, 0, 0, 0, 0, 0, 0, 0]

Source: 4
Destination: 3
Path: 4 -> 5 -> 3
SP Length (km): 1400
Bandwidth (Gbps): 161
Selected Modulation Format: 8-QAM
FS Capacity: 12.5 GHz
Efficiency: 3
Slots needed (excluding guard bit): 5

Checking for path:  ['4', '5', '3']
  Allocated per link: [(frozenset({'5', '4'}), 1, 0), (frozenset({'5', '3'}), 4, 0)]

Current Slot Usage:
2 - 1:
  Core 1: [1, 1, 1, 1, 1, 1, 1, 1, 'G', 0, 0, 0, 0, 0, 0, 0, 0, 0, 0, 0]
  Core 2: [1, 1, 1, 1, 1, 1, 1, 1, 1, 1, 'G', 0, 0, 0, 0, 0, 0, 0, 0, 0]
  Core 3: [0, 0, 0, 0, 0, 0, 0, 0, 0, 0, 0, 0, 0, 0, 0, 0, 0, 0, 0, 0]
  Core 4: [1, 1, 1, 1, 1, 1, 1, 1, 1, 1, 1, 'G', 0, 0, 0, 0, 0, 0, 0, 0]
  Core 5: [1, 1, 1, 1, 1, 1, 1, 'G', 0, 0, 0, 0, 0, 0, 0, 0, 0, 0, 0, 0]
  Core 6: [1, 1, 1, 1, 1, 1, 1, 'G', 0, 0, 0, 0, 0, 0, 0, 0, 0, 0, 0, 0]
  Core 7: [0, 0, 0, 0, 0, 0, 0, 1, 1, 1, 1, 'G', 0, 0, 0, 0, 0, 0, 0, 0]
3 - 1:
  Core 1: [1, 1, 1, 1, 1, 1, 1, 1, 1, 1, 'G', 0, 0, 0, 0, 0, 0, 0, 0, 0]
  Core 2: [1, 1, 1, 1, 'G', 0, 0, 0, 0, 0, 0, 0, 0, 0, 0, 0, 0, 0, 0, 0]
  Core 3: [0, 0, 0, 0, 0, 0, 0, 0, 0, 0, 0, 0, 0, 0, 0, 0, 0, 0, 0, 0]
  Core 4: [0, 0, 0, 0, 0, 0, 0, 0, 0, 0, 0, 0, 0, 0, 0, 0, 0, 0, 0, 0]
  Core 5: [0, 0, 0, 0, 0, 0, 0, 0, 0, 0, 0, 0, 0, 0, 0, 0, 0, 0, 0, 0]
  Core 6: [0, 0, 0, 0, 0, 0, 0, 0, 0, 0, 0, 0, 0, 0, 0, 0, 0, 0, 0, 0]
  Core 7: [0, 0, 0, 0, 0, 0, 0, 0, 0, 0, 0, 0, 0, 0, 0, 0, 0, 0, 0, 0]
2 - 3:
  Core 1: [1, 1, 1, 'G', 0, 0, 0, 0, 0, 0, 0, 0, 0, 0, 0, 0, 0, 0, 0, 0]
  Core 2: [1, 1, 1, 1, 1, 'G', 0, 0, 0, 0, 0, 0, 0, 0, 0, 0, 0, 0, 0, 0]
  Core 3: [0, 0, 0, 0, 0, 0, 0, 0, 0, 0, 0, 0, 0, 0, 0, 0, 0, 0, 0, 0]
  Core 4: [1, 1, 1, 1, 1, 1, 1, 1, 1, 'G', 0, 0, 0, 0, 0, 0, 0, 0, 0, 0]
  Core 5: [0, 0, 0, 0, 0, 0, 0, 0, 0, 0, 0, 0, 0, 0, 0, 0, 0, 0, 0, 0]
  Core 6: [0, 0, 0, 0, 0, 0, 0, 0, 0, 0, 0, 0, 0, 0, 0, 0, 0, 0, 0, 0]
  Core 7: [0, 0, 0, 0, 0, 0, 0, 0, 0, 0, 0, 0, 0, 0, 0, 0, 0, 0, 0, 0]
2 - 4:
  Core 1: [1, 1, 1, 1, 1, 1, 1, 1, 1, 1, 'G', 0, 0, 0, 0, 0, 0, 0, 0, 0]
  Core 2: [1, 1, 1, 1, 1, 1, 1, 'G', 0, 0, 0, 0, 0, 0, 0, 0, 0, 0, 0, 0]
  Core 3: [0, 0, 0, 0, 0, 0, 0, 0, 0, 0, 0, 0, 0, 0, 0, 0, 0, 0, 0, 0]
  Core 4: [1, 1, 1, 1, 1, 1, 'G', 0, 0, 0, 0, 0, 0, 0, 0, 0, 0, 0, 0, 0]
  Core 5: [1, 1, 1, 1, 'G', 1, 1, 1, 1, 'G', 0, 0, 0, 0, 0, 0, 0, 0, 0, 0]
  Core 6: [1, 1, 1, 1, 1, 1, 1, 1, 1, 'G', 0, 0, 0, 0, 0, 0, 0, 0, 0, 0]
  Core 7: [0, 0, 0, 0, 0, 0, 1, 1, 1, 1, 1, 1, 1, 1, 'G', 0, 0, 0, 0, 0]
2 - 5:
  Core 1: [1, 1, 1, 1, 1, 1, 1, 1, 1, 1, 1, 'G', 0, 0, 0, 0, 0, 0, 0, 0]
  Core 2: [1, 1, 1, 1, 1, 1, 'G', 0, 0, 0, 0, 0, 0, 0, 0, 0, 0, 0, 0, 0]
  Core 3: [0, 0, 0, 0, 0, 0, 0, 0, 0, 0, 0, 0, 0, 0, 0, 0, 0, 0, 0, 0]
  Core 4: [0, 0, 0, 0, 0, 0, 0, 0, 0, 0, 0, 0, 0, 0, 0, 0, 0, 0, 0, 0]
  Core 5: [0, 0, 0, 0, 0, 0, 0, 0, 0, 0, 0, 0, 0, 0, 0, 0, 0, 0, 0, 0]
  Core 6: [0, 0, 0, 0, 0, 0, 0, 0, 0, 0, 0, 0, 0, 0, 0, 0, 0, 0, 0, 0]
  Core 7: [0, 0, 0, 0, 0, 0, 0, 0, 0, 0, 0, 0, 0, 0, 0, 0, 0, 0, 0, 0]
5 - 3:
  Core 1: [1, 1, 1, 1, 1, 1, 'G', 0, 0, 0, 0, 0, 0, 0, 0, 0, 0, 0, 0, 0]
  Core 2: [1, 1, 1, 1, 'G', 0, 0, 0, 0, 0, 0, 0, 0, 0, 0, 0, 0, 0, 0, 0]
  Core 3: [0, 0, 0, 0, 0, 0, 0, 0, 0, 0, 0, 0, 0, 0, 0, 0, 0, 0, 0, 0]
  Core 4: [1, 1, 1, 1, 1, 'G', 0, 0, 0, 0, 0, 0, 0, 0, 0, 0, 0, 0, 0, 0]
  Core 5: [0, 0, 0, 0, 0, 0, 0, 0, 0, 0, 0, 0, 0, 0, 0, 0, 0, 0, 0, 0]
  Core 6: [0, 0, 0, 0, 0, 0, 0, 0, 0, 0, 0, 0, 0, 0, 0, 0, 0, 0, 0, 0]
  Core 7: [0, 0, 0, 0, 0, 0, 0, 0, 0, 0, 0, 0, 0, 0, 0, 0, 0, 0, 0, 0]
5 - 4:
  Core 1: [1, 1, 1, 1, 1, 'G', 0, 0, 0, 0, 0, 0, 0, 0, 0, 0, 0, 0, 0, 0]
  Core 2: [0, 0, 0, 0, 0, 0, 0, 0, 0, 0, 0, 0, 0, 0, 0, 0, 0, 0, 0, 0]
  Core 3: [0, 0, 0, 0, 0, 0, 0, 0, 0, 0, 0, 0, 0, 0, 0, 0, 0, 0, 0, 0]
  Core 4: [0, 0, 0, 0, 0, 0, 0, 0, 0, 0, 0, 0, 0, 0, 0, 0, 0, 0, 0, 0]
  Core 5: [0, 0, 0, 0, 0, 0, 0, 0, 0, 0, 0, 0, 0, 0, 0, 0, 0, 0, 0, 0]
  Core 6: [0, 0, 0, 0, 0, 0, 0, 0, 0, 0, 0, 0, 0, 0, 0, 0, 0, 0, 0, 0]
  Core 7: [0, 0, 0, 0, 0, 0, 0, 0, 0, 0, 0, 0, 0, 0, 0, 0, 0, 0, 0, 0]
6 - 4:
  Core 1: [1, 1, 1, 1, 1, 1, 1, 'G', 0, 0, 0, 0, 0, 0, 0, 0, 0, 0, 0, 0]
  Core 2: [1, 1, 1, 1, 'G', 0, 0, 0, 0, 0, 0, 0, 0, 0, 0, 0, 0, 0, 0, 0]
  Core 3: [0, 0, 0, 0, 0, 0, 0, 0, 0, 0, 0, 0, 0, 0, 0, 0, 0, 0, 0, 0]
  Core 4: [0, 0, 0, 0, 0, 0, 0, 0, 0, 0, 0, 0, 0, 0, 0, 0, 0, 0, 0, 0]
  Core 5: [0, 0, 0, 0, 0, 0, 0, 0, 0, 0, 0, 0, 0, 0, 0, 0, 0, 0, 0, 0]
  Core 6: [0, 0, 0, 0, 0, 0, 0, 0, 0, 0, 0, 0, 0, 0, 0, 0, 0, 0, 0, 0]
  Core 7: [0, 0, 0, 0, 0, 0, 0, 0, 0, 0, 0, 0, 0, 0, 0, 0, 0, 0, 0, 0]
6 - 5:
  Core 1: [1, 1, 1, 1, 'G', 0, 0, 0, 0, 0, 0, 0, 0, 0, 0, 0, 0, 0, 0, 0]
  Core 2: [0, 0, 0, 0, 0, 0, 0, 0, 0, 0, 0, 0, 0, 0, 0, 0, 0, 0, 0, 0]
  Core 3: [0, 0, 0, 0, 0, 0, 0, 0, 0, 0, 0, 0, 0, 0, 0, 0, 0, 0, 0, 0]
  Core 4: [0, 0, 0, 0, 0, 0, 0, 0, 0, 0, 0, 0, 0, 0, 0, 0, 0, 0, 0, 0]
  Core 5: [0, 0, 0, 0, 0, 0, 0, 0, 0, 0, 0, 0, 0, 0, 0, 0, 0, 0, 0, 0]
  Core 6: [0, 0, 0, 0, 0, 0, 0, 0, 0, 0, 0, 0, 0, 0, 0, 0, 0, 0, 0, 0]
  Core 7: [0, 0, 0, 0, 0, 0, 0, 0, 0, 0, 0, 0, 0, 0, 0, 0, 0, 0, 0, 0]

Source: 4
Destination: 5
Path: 4 -> 5
SP Length (km): 600
Bandwidth (Gbps): 133
Selected Modulation Format: 16-QAM
FS Capacity: 12.5 GHz
Efficiency: 4
Slots needed (excluding guard bit): 3

Checking for path:  ['4', '5']
  Allocated per link: [(frozenset({'5', '4'}), 2, 0)]

Current Slot Usage:
2 - 1:
  Core 1: [1, 1, 1, 1, 1, 1, 1, 1, 'G', 0, 0, 0, 0, 0, 0, 0, 0, 0, 0, 0]
  Core 2: [1, 1, 1, 1, 1, 1, 1, 1, 1, 1, 'G', 0, 0, 0, 0, 0, 0, 0, 0, 0]
  Core 3: [0, 0, 0, 0, 0, 0, 0, 0, 0, 0, 0, 0, 0, 0, 0, 0, 0, 0, 0, 0]
  Core 4: [1, 1, 1, 1, 1, 1, 1, 1, 1, 1, 1, 'G', 0, 0, 0, 0, 0, 0, 0, 0]
  Core 5: [1, 1, 1, 1, 1, 1, 1, 'G', 0, 0, 0, 0, 0, 0, 0, 0, 0, 0, 0, 0]
  Core 6: [1, 1, 1, 1, 1, 1, 1, 'G', 0, 0, 0, 0, 0, 0, 0, 0, 0, 0, 0, 0]
  Core 7: [0, 0, 0, 0, 0, 0, 0, 1, 1, 1, 1, 'G', 0, 0, 0, 0, 0, 0, 0, 0]
3 - 1:
  Core 1: [1, 1, 1, 1, 1, 1, 1, 1, 1, 1, 'G', 0, 0, 0, 0, 0, 0, 0, 0, 0]
  Core 2: [1, 1, 1, 1, 'G', 0, 0, 0, 0, 0, 0, 0, 0, 0, 0, 0, 0, 0, 0, 0]
  Core 3: [0, 0, 0, 0, 0, 0, 0, 0, 0, 0, 0, 0, 0, 0, 0, 0, 0, 0, 0, 0]
  Core 4: [0, 0, 0, 0, 0, 0, 0, 0, 0, 0, 0, 0, 0, 0, 0, 0, 0, 0, 0, 0]
  Core 5: [0, 0, 0, 0, 0, 0, 0, 0, 0, 0, 0, 0, 0, 0, 0, 0, 0, 0, 0, 0]
  Core 6: [0, 0, 0, 0, 0, 0, 0, 0, 0, 0, 0, 0, 0, 0, 0, 0, 0, 0, 0, 0]
  Core 7: [0, 0, 0, 0, 0, 0, 0, 0, 0, 0, 0, 0, 0, 0, 0, 0, 0, 0, 0, 0]
2 - 3:
  Core 1: [1, 1, 1, 'G', 0, 0, 0, 0, 0, 0, 0, 0, 0, 0, 0, 0, 0, 0, 0, 0]
  Core 2: [1, 1, 1, 1, 1, 'G', 0, 0, 0, 0, 0, 0, 0, 0, 0, 0, 0, 0, 0, 0]
  Core 3: [0, 0, 0, 0, 0, 0, 0, 0, 0, 0, 0, 0, 0, 0, 0, 0, 0, 0, 0, 0]
  Core 4: [1, 1, 1, 1, 1, 1, 1, 1, 1, 'G', 0, 0, 0, 0, 0, 0, 0, 0, 0, 0]
  Core 5: [0, 0, 0, 0, 0, 0, 0, 0, 0, 0, 0, 0, 0, 0, 0, 0, 0, 0, 0, 0]
  Core 6: [0, 0, 0, 0, 0, 0, 0, 0, 0, 0, 0, 0, 0, 0, 0, 0, 0, 0, 0, 0]
  Core 7: [0, 0, 0, 0, 0, 0, 0, 0, 0, 0, 0, 0, 0, 0, 0, 0, 0, 0, 0, 0]
2 - 4:
  Core 1: [1, 1, 1, 1, 1, 1, 1, 1, 1, 1, 'G', 0, 0, 0, 0, 0, 0, 0, 0, 0]
  Core 2: [1, 1, 1, 1, 1, 1, 1, 'G', 0, 0, 0, 0, 0, 0, 0, 0, 0, 0, 0, 0]
  Core 3: [0, 0, 0, 0, 0, 0, 0, 0, 0, 0, 0, 0, 0, 0, 0, 0, 0, 0, 0, 0]
  Core 4: [1, 1, 1, 1, 1, 1, 'G', 0, 0, 0, 0, 0, 0, 0, 0, 0, 0, 0, 0, 0]
  Core 5: [1, 1, 1, 1, 'G', 1, 1, 1, 1, 'G', 0, 0, 0, 0, 0, 0, 0, 0, 0, 0]
  Core 6: [1, 1, 1, 1, 1, 1, 1, 1, 1, 'G', 0, 0, 0, 0, 0, 0, 0, 0, 0, 0]
  Core 7: [0, 0, 0, 0, 0, 0, 1, 1, 1, 1, 1, 1, 1, 1, 'G', 0, 0, 0, 0, 0]
2 - 5:
  Core 1: [1, 1, 1, 1, 1, 1, 1, 1, 1, 1, 1, 'G', 0, 0, 0, 0, 0, 0, 0, 0]
  Core 2: [1, 1, 1, 1, 1, 1, 'G', 0, 0, 0, 0, 0, 0, 0, 0, 0, 0, 0, 0, 0]
  Core 3: [0, 0, 0, 0, 0, 0, 0, 0, 0, 0, 0, 0, 0, 0, 0, 0, 0, 0, 0, 0]
  Core 4: [0, 0, 0, 0, 0, 0, 0, 0, 0, 0, 0, 0, 0, 0, 0, 0, 0, 0, 0, 0]
  Core 5: [0, 0, 0, 0, 0, 0, 0, 0, 0, 0, 0, 0, 0, 0, 0, 0, 0, 0, 0, 0]
  Core 6: [0, 0, 0, 0, 0, 0, 0, 0, 0, 0, 0, 0, 0, 0, 0, 0, 0, 0, 0, 0]
  Core 7: [0, 0, 0, 0, 0, 0, 0, 0, 0, 0, 0, 0, 0, 0, 0, 0, 0, 0, 0, 0]
5 - 3:
  Core 1: [1, 1, 1, 1, 1, 1, 'G', 0, 0, 0, 0, 0, 0, 0, 0, 0, 0, 0, 0, 0]
  Core 2: [1, 1, 1, 1, 'G', 0, 0, 0, 0, 0, 0, 0, 0, 0, 0, 0, 0, 0, 0, 0]
  Core 3: [0, 0, 0, 0, 0, 0, 0, 0, 0, 0, 0, 0, 0, 0, 0, 0, 0, 0, 0, 0]
  Core 4: [1, 1, 1, 1, 1, 'G', 0, 0, 0, 0, 0, 0, 0, 0, 0, 0, 0, 0, 0, 0]
  Core 5: [0, 0, 0, 0, 0, 0, 0, 0, 0, 0, 0, 0, 0, 0, 0, 0, 0, 0, 0, 0]
  Core 6: [0, 0, 0, 0, 0, 0, 0, 0, 0, 0, 0, 0, 0, 0, 0, 0, 0, 0, 0, 0]
  Core 7: [0, 0, 0, 0, 0, 0, 0, 0, 0, 0, 0, 0, 0, 0, 0, 0, 0, 0, 0, 0]
5 - 4:
  Core 1: [1, 1, 1, 1, 1, 'G', 0, 0, 0, 0, 0, 0, 0, 0, 0, 0, 0, 0, 0, 0]
  Core 2: [1, 1, 1, 'G', 0, 0, 0, 0, 0, 0, 0, 0, 0, 0, 0, 0, 0, 0, 0, 0]
  Core 3: [0, 0, 0, 0, 0, 0, 0, 0, 0, 0, 0, 0, 0, 0, 0, 0, 0, 0, 0, 0]
  Core 4: [0, 0, 0, 0, 0, 0, 0, 0, 0, 0, 0, 0, 0, 0, 0, 0, 0, 0, 0, 0]
  Core 5: [0, 0, 0, 0, 0, 0, 0, 0, 0, 0, 0, 0, 0, 0, 0, 0, 0, 0, 0, 0]
  Core 6: [0, 0, 0, 0, 0, 0, 0, 0, 0, 0, 0, 0, 0, 0, 0, 0, 0, 0, 0, 0]
  Core 7: [0, 0, 0, 0, 0, 0, 0, 0, 0, 0, 0, 0, 0, 0, 0, 0, 0, 0, 0, 0]
6 - 4:
  Core 1: [1, 1, 1, 1, 1, 1, 1, 'G', 0, 0, 0, 0, 0, 0, 0, 0, 0, 0, 0, 0]
  Core 2: [1, 1, 1, 1, 'G', 0, 0, 0, 0, 0, 0, 0, 0, 0, 0, 0, 0, 0, 0, 0]
  Core 3: [0, 0, 0, 0, 0, 0, 0, 0, 0, 0, 0, 0, 0, 0, 0, 0, 0, 0, 0, 0]
  Core 4: [0, 0, 0, 0, 0, 0, 0, 0, 0, 0, 0, 0, 0, 0, 0, 0, 0, 0, 0, 0]
  Core 5: [0, 0, 0, 0, 0, 0, 0, 0, 0, 0, 0, 0, 0, 0, 0, 0, 0, 0, 0, 0]
  Core 6: [0, 0, 0, 0, 0, 0, 0, 0, 0, 0, 0, 0, 0, 0, 0, 0, 0, 0, 0, 0]
  Core 7: [0, 0, 0, 0, 0, 0, 0, 0, 0, 0, 0, 0, 0, 0, 0, 0, 0, 0, 0, 0]
6 - 5:
  Core 1: [1, 1, 1, 1, 'G', 0, 0, 0, 0, 0, 0, 0, 0, 0, 0, 0, 0, 0, 0, 0]
  Core 2: [0, 0, 0, 0, 0, 0, 0, 0, 0, 0, 0, 0, 0, 0, 0, 0, 0, 0, 0, 0]
  Core 3: [0, 0, 0, 0, 0, 0, 0, 0, 0, 0, 0, 0, 0, 0, 0, 0, 0, 0, 0, 0]
  Core 4: [0, 0, 0, 0, 0, 0, 0, 0, 0, 0, 0, 0, 0, 0, 0, 0, 0, 0, 0, 0]
  Core 5: [0, 0, 0, 0, 0, 0, 0, 0, 0, 0, 0, 0, 0, 0, 0, 0, 0, 0, 0, 0]
  Core 6: [0, 0, 0, 0, 0, 0, 0, 0, 0, 0, 0, 0, 0, 0, 0, 0, 0, 0, 0, 0]
  Core 7: [0, 0, 0, 0, 0, 0, 0, 0, 0, 0, 0, 0, 0, 0, 0, 0, 0, 0, 0, 0]

Source: 4
Destination: 6
Path: 4 -> 6
SP Length (km): 1000
Bandwidth (Gbps): 217
Selected Modulation Format: 16-QAM
FS Capacity: 12.5 GHz
Efficiency: 4
Slots needed (excluding guard bit): 5

Checking for path:  ['4', '6']
  Allocated per link: [(frozenset({'6', '4'}), 4, 0)]

Current Slot Usage:
2 - 1:
  Core 1: [1, 1, 1, 1, 1, 1, 1, 1, 'G', 0, 0, 0, 0, 0, 0, 0, 0, 0, 0, 0]
  Core 2: [1, 1, 1, 1, 1, 1, 1, 1, 1, 1, 'G', 0, 0, 0, 0, 0, 0, 0, 0, 0]
  Core 3: [0, 0, 0, 0, 0, 0, 0, 0, 0, 0, 0, 0, 0, 0, 0, 0, 0, 0, 0, 0]
  Core 4: [1, 1, 1, 1, 1, 1, 1, 1, 1, 1, 1, 'G', 0, 0, 0, 0, 0, 0, 0, 0]
  Core 5: [1, 1, 1, 1, 1, 1, 1, 'G', 0, 0, 0, 0, 0, 0, 0, 0, 0, 0, 0, 0]
  Core 6: [1, 1, 1, 1, 1, 1, 1, 'G', 0, 0, 0, 0, 0, 0, 0, 0, 0, 0, 0, 0]
  Core 7: [0, 0, 0, 0, 0, 0, 0, 1, 1, 1, 1, 'G', 0, 0, 0, 0, 0, 0, 0, 0]
3 - 1:
  Core 1: [1, 1, 1, 1, 1, 1, 1, 1, 1, 1, 'G', 0, 0, 0, 0, 0, 0, 0, 0, 0]
  Core 2: [1, 1, 1, 1, 'G', 0, 0, 0, 0, 0, 0, 0, 0, 0, 0, 0, 0, 0, 0, 0]
  Core 3: [0, 0, 0, 0, 0, 0, 0, 0, 0, 0, 0, 0, 0, 0, 0, 0, 0, 0, 0, 0]
  Core 4: [0, 0, 0, 0, 0, 0, 0, 0, 0, 0, 0, 0, 0, 0, 0, 0, 0, 0, 0, 0]
  Core 5: [0, 0, 0, 0, 0, 0, 0, 0, 0, 0, 0, 0, 0, 0, 0, 0, 0, 0, 0, 0]
  Core 6: [0, 0, 0, 0, 0, 0, 0, 0, 0, 0, 0, 0, 0, 0, 0, 0, 0, 0, 0, 0]
  Core 7: [0, 0, 0, 0, 0, 0, 0, 0, 0, 0, 0, 0, 0, 0, 0, 0, 0, 0, 0, 0]
2 - 3:
  Core 1: [1, 1, 1, 'G', 0, 0, 0, 0, 0, 0, 0, 0, 0, 0, 0, 0, 0, 0, 0, 0]
  Core 2: [1, 1, 1, 1, 1, 'G', 0, 0, 0, 0, 0, 0, 0, 0, 0, 0, 0, 0, 0, 0]
  Core 3: [0, 0, 0, 0, 0, 0, 0, 0, 0, 0, 0, 0, 0, 0, 0, 0, 0, 0, 0, 0]
  Core 4: [1, 1, 1, 1, 1, 1, 1, 1, 1, 'G', 0, 0, 0, 0, 0, 0, 0, 0, 0, 0]
  Core 5: [0, 0, 0, 0, 0, 0, 0, 0, 0, 0, 0, 0, 0, 0, 0, 0, 0, 0, 0, 0]
  Core 6: [0, 0, 0, 0, 0, 0, 0, 0, 0, 0, 0, 0, 0, 0, 0, 0, 0, 0, 0, 0]
  Core 7: [0, 0, 0, 0, 0, 0, 0, 0, 0, 0, 0, 0, 0, 0, 0, 0, 0, 0, 0, 0]
2 - 4:
  Core 1: [1, 1, 1, 1, 1, 1, 1, 1, 1, 1, 'G', 0, 0, 0, 0, 0, 0, 0, 0, 0]
  Core 2: [1, 1, 1, 1, 1, 1, 1, 'G', 0, 0, 0, 0, 0, 0, 0, 0, 0, 0, 0, 0]
  Core 3: [0, 0, 0, 0, 0, 0, 0, 0, 0, 0, 0, 0, 0, 0, 0, 0, 0, 0, 0, 0]
  Core 4: [1, 1, 1, 1, 1, 1, 'G', 0, 0, 0, 0, 0, 0, 0, 0, 0, 0, 0, 0, 0]
  Core 5: [1, 1, 1, 1, 'G', 1, 1, 1, 1, 'G', 0, 0, 0, 0, 0, 0, 0, 0, 0, 0]
  Core 6: [1, 1, 1, 1, 1, 1, 1, 1, 1, 'G', 0, 0, 0, 0, 0, 0, 0, 0, 0, 0]
  Core 7: [0, 0, 0, 0, 0, 0, 1, 1, 1, 1, 1, 1, 1, 1, 'G', 0, 0, 0, 0, 0]
2 - 5:
  Core 1: [1, 1, 1, 1, 1, 1, 1, 1, 1, 1, 1, 'G', 0, 0, 0, 0, 0, 0, 0, 0]
  Core 2: [1, 1, 1, 1, 1, 1, 'G', 0, 0, 0, 0, 0, 0, 0, 0, 0, 0, 0, 0, 0]
  Core 3: [0, 0, 0, 0, 0, 0, 0, 0, 0, 0, 0, 0, 0, 0, 0, 0, 0, 0, 0, 0]
  Core 4: [0, 0, 0, 0, 0, 0, 0, 0, 0, 0, 0, 0, 0, 0, 0, 0, 0, 0, 0, 0]
  Core 5: [0, 0, 0, 0, 0, 0, 0, 0, 0, 0, 0, 0, 0, 0, 0, 0, 0, 0, 0, 0]
  Core 6: [0, 0, 0, 0, 0, 0, 0, 0, 0, 0, 0, 0, 0, 0, 0, 0, 0, 0, 0, 0]
  Core 7: [0, 0, 0, 0, 0, 0, 0, 0, 0, 0, 0, 0, 0, 0, 0, 0, 0, 0, 0, 0]
5 - 3:
  Core 1: [1, 1, 1, 1, 1, 1, 'G', 0, 0, 0, 0, 0, 0, 0, 0, 0, 0, 0, 0, 0]
  Core 2: [1, 1, 1, 1, 'G', 0, 0, 0, 0, 0, 0, 0, 0, 0, 0, 0, 0, 0, 0, 0]
  Core 3: [0, 0, 0, 0, 0, 0, 0, 0, 0, 0, 0, 0, 0, 0, 0, 0, 0, 0, 0, 0]
  Core 4: [1, 1, 1, 1, 1, 'G', 0, 0, 0, 0, 0, 0, 0, 0, 0, 0, 0, 0, 0, 0]
  Core 5: [0, 0, 0, 0, 0, 0, 0, 0, 0, 0, 0, 0, 0, 0, 0, 0, 0, 0, 0, 0]
  Core 6: [0, 0, 0, 0, 0, 0, 0, 0, 0, 0, 0, 0, 0, 0, 0, 0, 0, 0, 0, 0]
  Core 7: [0, 0, 0, 0, 0, 0, 0, 0, 0, 0, 0, 0, 0, 0, 0, 0, 0, 0, 0, 0]
5 - 4:
  Core 1: [1, 1, 1, 1, 1, 'G', 0, 0, 0, 0, 0, 0, 0, 0, 0, 0, 0, 0, 0, 0]
  Core 2: [1, 1, 1, 'G', 0, 0, 0, 0, 0, 0, 0, 0, 0, 0, 0, 0, 0, 0, 0, 0]
  Core 3: [0, 0, 0, 0, 0, 0, 0, 0, 0, 0, 0, 0, 0, 0, 0, 0, 0, 0, 0, 0]
  Core 4: [0, 0, 0, 0, 0, 0, 0, 0, 0, 0, 0, 0, 0, 0, 0, 0, 0, 0, 0, 0]
  Core 5: [0, 0, 0, 0, 0, 0, 0, 0, 0, 0, 0, 0, 0, 0, 0, 0, 0, 0, 0, 0]
  Core 6: [0, 0, 0, 0, 0, 0, 0, 0, 0, 0, 0, 0, 0, 0, 0, 0, 0, 0, 0, 0]
  Core 7: [0, 0, 0, 0, 0, 0, 0, 0, 0, 0, 0, 0, 0, 0, 0, 0, 0, 0, 0, 0]
6 - 4:
  Core 1: [1, 1, 1, 1, 1, 1, 1, 'G', 0, 0, 0, 0, 0, 0, 0, 0, 0, 0, 0, 0]
  Core 2: [1, 1, 1, 1, 'G', 0, 0, 0, 0, 0, 0, 0, 0, 0, 0, 0, 0, 0, 0, 0]
  Core 3: [0, 0, 0, 0, 0, 0, 0, 0, 0, 0, 0, 0, 0, 0, 0, 0, 0, 0, 0, 0]
  Core 4: [1, 1, 1, 1, 1, 'G', 0, 0, 0, 0, 0, 0, 0, 0, 0, 0, 0, 0, 0, 0]
  Core 5: [0, 0, 0, 0, 0, 0, 0, 0, 0, 0, 0, 0, 0, 0, 0, 0, 0, 0, 0, 0]
  Core 6: [0, 0, 0, 0, 0, 0, 0, 0, 0, 0, 0, 0, 0, 0, 0, 0, 0, 0, 0, 0]
  Core 7: [0, 0, 0, 0, 0, 0, 0, 0, 0, 0, 0, 0, 0, 0, 0, 0, 0, 0, 0, 0]
6 - 5:
  Core 1: [1, 1, 1, 1, 'G', 0, 0, 0, 0, 0, 0, 0, 0, 0, 0, 0, 0, 0, 0, 0]
  Core 2: [0, 0, 0, 0, 0, 0, 0, 0, 0, 0, 0, 0, 0, 0, 0, 0, 0, 0, 0, 0]
  Core 3: [0, 0, 0, 0, 0, 0, 0, 0, 0, 0, 0, 0, 0, 0, 0, 0, 0, 0, 0, 0]
  Core 4: [0, 0, 0, 0, 0, 0, 0, 0, 0, 0, 0, 0, 0, 0, 0, 0, 0, 0, 0, 0]
  Core 5: [0, 0, 0, 0, 0, 0, 0, 0, 0, 0, 0, 0, 0, 0, 0, 0, 0, 0, 0, 0]
  Core 6: [0, 0, 0, 0, 0, 0, 0, 0, 0, 0, 0, 0, 0, 0, 0, 0, 0, 0, 0, 0]
  Core 7: [0, 0, 0, 0, 0, 0, 0, 0, 0, 0, 0, 0, 0, 0, 0, 0, 0, 0, 0, 0]

Source: 5
Destination: 1
Path: 5 -> 3 -> 1
SP Length (km): 2000
Bandwidth (Gbps): 122
Selected Modulation Format: 8-QAM
FS Capacity: 12.5 GHz
Efficiency: 3
Slots needed (excluding guard bit): 4

Checking for path:  ['5', '3', '1']
  Allocated per link: [(frozenset({'5', '3'}), 5, 0), (frozenset({'3', '1'}), 4, 0)]

Current Slot Usage:
2 - 1:
  Core 1: [1, 1, 1, 1, 1, 1, 1, 1, 'G', 0, 0, 0, 0, 0, 0, 0, 0, 0, 0, 0]
  Core 2: [1, 1, 1, 1, 1, 1, 1, 1, 1, 1, 'G', 0, 0, 0, 0, 0, 0, 0, 0, 0]
  Core 3: [0, 0, 0, 0, 0, 0, 0, 0, 0, 0, 0, 0, 0, 0, 0, 0, 0, 0, 0, 0]
  Core 4: [1, 1, 1, 1, 1, 1, 1, 1, 1, 1, 1, 'G', 0, 0, 0, 0, 0, 0, 0, 0]
  Core 5: [1, 1, 1, 1, 1, 1, 1, 'G', 0, 0, 0, 0, 0, 0, 0, 0, 0, 0, 0, 0]
  Core 6: [1, 1, 1, 1, 1, 1, 1, 'G', 0, 0, 0, 0, 0, 0, 0, 0, 0, 0, 0, 0]
  Core 7: [0, 0, 0, 0, 0, 0, 0, 1, 1, 1, 1, 'G', 0, 0, 0, 0, 0, 0, 0, 0]
3 - 1:
  Core 1: [1, 1, 1, 1, 1, 1, 1, 1, 1, 1, 'G', 0, 0, 0, 0, 0, 0, 0, 0, 0]
  Core 2: [1, 1, 1, 1, 'G', 0, 0, 0, 0, 0, 0, 0, 0, 0, 0, 0, 0, 0, 0, 0]
  Core 3: [0, 0, 0, 0, 0, 0, 0, 0, 0, 0, 0, 0, 0, 0, 0, 0, 0, 0, 0, 0]
  Core 4: [1, 1, 1, 1, 'G', 0, 0, 0, 0, 0, 0, 0, 0, 0, 0, 0, 0, 0, 0, 0]
  Core 5: [0, 0, 0, 0, 0, 0, 0, 0, 0, 0, 0, 0, 0, 0, 0, 0, 0, 0, 0, 0]
  Core 6: [0, 0, 0, 0, 0, 0, 0, 0, 0, 0, 0, 0, 0, 0, 0, 0, 0, 0, 0, 0]
  Core 7: [0, 0, 0, 0, 0, 0, 0, 0, 0, 0, 0, 0, 0, 0, 0, 0, 0, 0, 0, 0]
2 - 3:
  Core 1: [1, 1, 1, 'G', 0, 0, 0, 0, 0, 0, 0, 0, 0, 0, 0, 0, 0, 0, 0, 0]
  Core 2: [1, 1, 1, 1, 1, 'G', 0, 0, 0, 0, 0, 0, 0, 0, 0, 0, 0, 0, 0, 0]
  Core 3: [0, 0, 0, 0, 0, 0, 0, 0, 0, 0, 0, 0, 0, 0, 0, 0, 0, 0, 0, 0]
  Core 4: [1, 1, 1, 1, 1, 1, 1, 1, 1, 'G', 0, 0, 0, 0, 0, 0, 0, 0, 0, 0]
  Core 5: [0, 0, 0, 0, 0, 0, 0, 0, 0, 0, 0, 0, 0, 0, 0, 0, 0, 0, 0, 0]
  Core 6: [0, 0, 0, 0, 0, 0, 0, 0, 0, 0, 0, 0, 0, 0, 0, 0, 0, 0, 0, 0]
  Core 7: [0, 0, 0, 0, 0, 0, 0, 0, 0, 0, 0, 0, 0, 0, 0, 0, 0, 0, 0, 0]
2 - 4:
  Core 1: [1, 1, 1, 1, 1, 1, 1, 1, 1, 1, 'G', 0, 0, 0, 0, 0, 0, 0, 0, 0]
  Core 2: [1, 1, 1, 1, 1, 1, 1, 'G', 0, 0, 0, 0, 0, 0, 0, 0, 0, 0, 0, 0]
  Core 3: [0, 0, 0, 0, 0, 0, 0, 0, 0, 0, 0, 0, 0, 0, 0, 0, 0, 0, 0, 0]
  Core 4: [1, 1, 1, 1, 1, 1, 'G', 0, 0, 0, 0, 0, 0, 0, 0, 0, 0, 0, 0, 0]
  Core 5: [1, 1, 1, 1, 'G', 1, 1, 1, 1, 'G', 0, 0, 0, 0, 0, 0, 0, 0, 0, 0]
  Core 6: [1, 1, 1, 1, 1, 1, 1, 1, 1, 'G', 0, 0, 0, 0, 0, 0, 0, 0, 0, 0]
  Core 7: [0, 0, 0, 0, 0, 0, 1, 1, 1, 1, 1, 1, 1, 1, 'G', 0, 0, 0, 0, 0]
2 - 5:
  Core 1: [1, 1, 1, 1, 1, 1, 1, 1, 1, 1, 1, 'G', 0, 0, 0, 0, 0, 0, 0, 0]
  Core 2: [1, 1, 1, 1, 1, 1, 'G', 0, 0, 0, 0, 0, 0, 0, 0, 0, 0, 0, 0, 0]
  Core 3: [0, 0, 0, 0, 0, 0, 0, 0, 0, 0, 0, 0, 0, 0, 0, 0, 0, 0, 0, 0]
  Core 4: [0, 0, 0, 0, 0, 0, 0, 0, 0, 0, 0, 0, 0, 0, 0, 0, 0, 0, 0, 0]
  Core 5: [0, 0, 0, 0, 0, 0, 0, 0, 0, 0, 0, 0, 0, 0, 0, 0, 0, 0, 0, 0]
  Core 6: [0, 0, 0, 0, 0, 0, 0, 0, 0, 0, 0, 0, 0, 0, 0, 0, 0, 0, 0, 0]
  Core 7: [0, 0, 0, 0, 0, 0, 0, 0, 0, 0, 0, 0, 0, 0, 0, 0, 0, 0, 0, 0]
5 - 3:
  Core 1: [1, 1, 1, 1, 1, 1, 'G', 0, 0, 0, 0, 0, 0, 0, 0, 0, 0, 0, 0, 0]
  Core 2: [1, 1, 1, 1, 'G', 0, 0, 0, 0, 0, 0, 0, 0, 0, 0, 0, 0, 0, 0, 0]
  Core 3: [0, 0, 0, 0, 0, 0, 0, 0, 0, 0, 0, 0, 0, 0, 0, 0, 0, 0, 0, 0]
  Core 4: [1, 1, 1, 1, 1, 'G', 0, 0, 0, 0, 0, 0, 0, 0, 0, 0, 0, 0, 0, 0]
  Core 5: [1, 1, 1, 1, 'G', 0, 0, 0, 0, 0, 0, 0, 0, 0, 0, 0, 0, 0, 0, 0]
  Core 6: [0, 0, 0, 0, 0, 0, 0, 0, 0, 0, 0, 0, 0, 0, 0, 0, 0, 0, 0, 0]
  Core 7: [0, 0, 0, 0, 0, 0, 0, 0, 0, 0, 0, 0, 0, 0, 0, 0, 0, 0, 0, 0]
5 - 4:
  Core 1: [1, 1, 1, 1, 1, 'G', 0, 0, 0, 0, 0, 0, 0, 0, 0, 0, 0, 0, 0, 0]
  Core 2: [1, 1, 1, 'G', 0, 0, 0, 0, 0, 0, 0, 0, 0, 0, 0, 0, 0, 0, 0, 0]
  Core 3: [0, 0, 0, 0, 0, 0, 0, 0, 0, 0, 0, 0, 0, 0, 0, 0, 0, 0, 0, 0]
  Core 4: [0, 0, 0, 0, 0, 0, 0, 0, 0, 0, 0, 0, 0, 0, 0, 0, 0, 0, 0, 0]
  Core 5: [0, 0, 0, 0, 0, 0, 0, 0, 0, 0, 0, 0, 0, 0, 0, 0, 0, 0, 0, 0]
  Core 6: [0, 0, 0, 0, 0, 0, 0, 0, 0, 0, 0, 0, 0, 0, 0, 0, 0, 0, 0, 0]
  Core 7: [0, 0, 0, 0, 0, 0, 0, 0, 0, 0, 0, 0, 0, 0, 0, 0, 0, 0, 0, 0]
6 - 4:
  Core 1: [1, 1, 1, 1, 1, 1, 1, 'G', 0, 0, 0, 0, 0, 0, 0, 0, 0, 0, 0, 0]
  Core 2: [1, 1, 1, 1, 'G', 0, 0, 0, 0, 0, 0, 0, 0, 0, 0, 0, 0, 0, 0, 0]
  Core 3: [0, 0, 0, 0, 0, 0, 0, 0, 0, 0, 0, 0, 0, 0, 0, 0, 0, 0, 0, 0]
  Core 4: [1, 1, 1, 1, 1, 'G', 0, 0, 0, 0, 0, 0, 0, 0, 0, 0, 0, 0, 0, 0]
  Core 5: [0, 0, 0, 0, 0, 0, 0, 0, 0, 0, 0, 0, 0, 0, 0, 0, 0, 0, 0, 0]
  Core 6: [0, 0, 0, 0, 0, 0, 0, 0, 0, 0, 0, 0, 0, 0, 0, 0, 0, 0, 0, 0]
  Core 7: [0, 0, 0, 0, 0, 0, 0, 0, 0, 0, 0, 0, 0, 0, 0, 0, 0, 0, 0, 0]
6 - 5:
  Core 1: [1, 1, 1, 1, 'G', 0, 0, 0, 0, 0, 0, 0, 0, 0, 0, 0, 0, 0, 0, 0]
  Core 2: [0, 0, 0, 0, 0, 0, 0, 0, 0, 0, 0, 0, 0, 0, 0, 0, 0, 0, 0, 0]
  Core 3: [0, 0, 0, 0, 0, 0, 0, 0, 0, 0, 0, 0, 0, 0, 0, 0, 0, 0, 0, 0]
  Core 4: [0, 0, 0, 0, 0, 0, 0, 0, 0, 0, 0, 0, 0, 0, 0, 0, 0, 0, 0, 0]
  Core 5: [0, 0, 0, 0, 0, 0, 0, 0, 0, 0, 0, 0, 0, 0, 0, 0, 0, 0, 0, 0]
  Core 6: [0, 0, 0, 0, 0, 0, 0, 0, 0, 0, 0, 0, 0, 0, 0, 0, 0, 0, 0, 0]
  Core 7: [0, 0, 0, 0, 0, 0, 0, 0, 0, 0, 0, 0, 0, 0, 0, 0, 0, 0, 0, 0]

Source: 5
Destination: 2
Path: 5 -> 2
SP Length (km): 1000
Bandwidth (Gbps): 136
Selected Modulation Format: 16-QAM
FS Capacity: 12.5 GHz
Efficiency: 4
Slots needed (excluding guard bit): 3

Checking for path:  ['5', '2']
  Allocated per link: [(frozenset({'2', '5'}), 4, 0)]

Current Slot Usage:
2 - 1:
  Core 1: [1, 1, 1, 1, 1, 1, 1, 1, 'G', 0, 0, 0, 0, 0, 0, 0, 0, 0, 0, 0]
  Core 2: [1, 1, 1, 1, 1, 1, 1, 1, 1, 1, 'G', 0, 0, 0, 0, 0, 0, 0, 0, 0]
  Core 3: [0, 0, 0, 0, 0, 0, 0, 0, 0, 0, 0, 0, 0, 0, 0, 0, 0, 0, 0, 0]
  Core 4: [1, 1, 1, 1, 1, 1, 1, 1, 1, 1, 1, 'G', 0, 0, 0, 0, 0, 0, 0, 0]
  Core 5: [1, 1, 1, 1, 1, 1, 1, 'G', 0, 0, 0, 0, 0, 0, 0, 0, 0, 0, 0, 0]
  Core 6: [1, 1, 1, 1, 1, 1, 1, 'G', 0, 0, 0, 0, 0, 0, 0, 0, 0, 0, 0, 0]
  Core 7: [0, 0, 0, 0, 0, 0, 0, 1, 1, 1, 1, 'G', 0, 0, 0, 0, 0, 0, 0, 0]
3 - 1:
  Core 1: [1, 1, 1, 1, 1, 1, 1, 1, 1, 1, 'G', 0, 0, 0, 0, 0, 0, 0, 0, 0]
  Core 2: [1, 1, 1, 1, 'G', 0, 0, 0, 0, 0, 0, 0, 0, 0, 0, 0, 0, 0, 0, 0]
  Core 3: [0, 0, 0, 0, 0, 0, 0, 0, 0, 0, 0, 0, 0, 0, 0, 0, 0, 0, 0, 0]
  Core 4: [1, 1, 1, 1, 'G', 0, 0, 0, 0, 0, 0, 0, 0, 0, 0, 0, 0, 0, 0, 0]
  Core 5: [0, 0, 0, 0, 0, 0, 0, 0, 0, 0, 0, 0, 0, 0, 0, 0, 0, 0, 0, 0]
  Core 6: [0, 0, 0, 0, 0, 0, 0, 0, 0, 0, 0, 0, 0, 0, 0, 0, 0, 0, 0, 0]
  Core 7: [0, 0, 0, 0, 0, 0, 0, 0, 0, 0, 0, 0, 0, 0, 0, 0, 0, 0, 0, 0]
2 - 3:
  Core 1: [1, 1, 1, 'G', 0, 0, 0, 0, 0, 0, 0, 0, 0, 0, 0, 0, 0, 0, 0, 0]
  Core 2: [1, 1, 1, 1, 1, 'G', 0, 0, 0, 0, 0, 0, 0, 0, 0, 0, 0, 0, 0, 0]
  Core 3: [0, 0, 0, 0, 0, 0, 0, 0, 0, 0, 0, 0, 0, 0, 0, 0, 0, 0, 0, 0]
  Core 4: [1, 1, 1, 1, 1, 1, 1, 1, 1, 'G', 0, 0, 0, 0, 0, 0, 0, 0, 0, 0]
  Core 5: [0, 0, 0, 0, 0, 0, 0, 0, 0, 0, 0, 0, 0, 0, 0, 0, 0, 0, 0, 0]
  Core 6: [0, 0, 0, 0, 0, 0, 0, 0, 0, 0, 0, 0, 0, 0, 0, 0, 0, 0, 0, 0]
  Core 7: [0, 0, 0, 0, 0, 0, 0, 0, 0, 0, 0, 0, 0, 0, 0, 0, 0, 0, 0, 0]
2 - 4:
  Core 1: [1, 1, 1, 1, 1, 1, 1, 1, 1, 1, 'G', 0, 0, 0, 0, 0, 0, 0, 0, 0]
  Core 2: [1, 1, 1, 1, 1, 1, 1, 'G', 0, 0, 0, 0, 0, 0, 0, 0, 0, 0, 0, 0]
  Core 3: [0, 0, 0, 0, 0, 0, 0, 0, 0, 0, 0, 0, 0, 0, 0, 0, 0, 0, 0, 0]
  Core 4: [1, 1, 1, 1, 1, 1, 'G', 0, 0, 0, 0, 0, 0, 0, 0, 0, 0, 0, 0, 0]
  Core 5: [1, 1, 1, 1, 'G', 1, 1, 1, 1, 'G', 0, 0, 0, 0, 0, 0, 0, 0, 0, 0]
  Core 6: [1, 1, 1, 1, 1, 1, 1, 1, 1, 'G', 0, 0, 0, 0, 0, 0, 0, 0, 0, 0]
  Core 7: [0, 0, 0, 0, 0, 0, 1, 1, 1, 1, 1, 1, 1, 1, 'G', 0, 0, 0, 0, 0]
2 - 5:
  Core 1: [1, 1, 1, 1, 1, 1, 1, 1, 1, 1, 1, 'G', 0, 0, 0, 0, 0, 0, 0, 0]
  Core 2: [1, 1, 1, 1, 1, 1, 'G', 0, 0, 0, 0, 0, 0, 0, 0, 0, 0, 0, 0, 0]
  Core 3: [0, 0, 0, 0, 0, 0, 0, 0, 0, 0, 0, 0, 0, 0, 0, 0, 0, 0, 0, 0]
  Core 4: [1, 1, 1, 'G', 0, 0, 0, 0, 0, 0, 0, 0, 0, 0, 0, 0, 0, 0, 0, 0]
  Core 5: [0, 0, 0, 0, 0, 0, 0, 0, 0, 0, 0, 0, 0, 0, 0, 0, 0, 0, 0, 0]
  Core 6: [0, 0, 0, 0, 0, 0, 0, 0, 0, 0, 0, 0, 0, 0, 0, 0, 0, 0, 0, 0]
  Core 7: [0, 0, 0, 0, 0, 0, 0, 0, 0, 0, 0, 0, 0, 0, 0, 0, 0, 0, 0, 0]
5 - 3:
  Core 1: [1, 1, 1, 1, 1, 1, 'G', 0, 0, 0, 0, 0, 0, 0, 0, 0, 0, 0, 0, 0]
  Core 2: [1, 1, 1, 1, 'G', 0, 0, 0, 0, 0, 0, 0, 0, 0, 0, 0, 0, 0, 0, 0]
  Core 3: [0, 0, 0, 0, 0, 0, 0, 0, 0, 0, 0, 0, 0, 0, 0, 0, 0, 0, 0, 0]
  Core 4: [1, 1, 1, 1, 1, 'G', 0, 0, 0, 0, 0, 0, 0, 0, 0, 0, 0, 0, 0, 0]
  Core 5: [1, 1, 1, 1, 'G', 0, 0, 0, 0, 0, 0, 0, 0, 0, 0, 0, 0, 0, 0, 0]
  Core 6: [0, 0, 0, 0, 0, 0, 0, 0, 0, 0, 0, 0, 0, 0, 0, 0, 0, 0, 0, 0]
  Core 7: [0, 0, 0, 0, 0, 0, 0, 0, 0, 0, 0, 0, 0, 0, 0, 0, 0, 0, 0, 0]
5 - 4:
  Core 1: [1, 1, 1, 1, 1, 'G', 0, 0, 0, 0, 0, 0, 0, 0, 0, 0, 0, 0, 0, 0]
  Core 2: [1, 1, 1, 'G', 0, 0, 0, 0, 0, 0, 0, 0, 0, 0, 0, 0, 0, 0, 0, 0]
  Core 3: [0, 0, 0, 0, 0, 0, 0, 0, 0, 0, 0, 0, 0, 0, 0, 0, 0, 0, 0, 0]
  Core 4: [0, 0, 0, 0, 0, 0, 0, 0, 0, 0, 0, 0, 0, 0, 0, 0, 0, 0, 0, 0]
  Core 5: [0, 0, 0, 0, 0, 0, 0, 0, 0, 0, 0, 0, 0, 0, 0, 0, 0, 0, 0, 0]
  Core 6: [0, 0, 0, 0, 0, 0, 0, 0, 0, 0, 0, 0, 0, 0, 0, 0, 0, 0, 0, 0]
  Core 7: [0, 0, 0, 0, 0, 0, 0, 0, 0, 0, 0, 0, 0, 0, 0, 0, 0, 0, 0, 0]
6 - 4:
  Core 1: [1, 1, 1, 1, 1, 1, 1, 'G', 0, 0, 0, 0, 0, 0, 0, 0, 0, 0, 0, 0]
  Core 2: [1, 1, 1, 1, 'G', 0, 0, 0, 0, 0, 0, 0, 0, 0, 0, 0, 0, 0, 0, 0]
  Core 3: [0, 0, 0, 0, 0, 0, 0, 0, 0, 0, 0, 0, 0, 0, 0, 0, 0, 0, 0, 0]
  Core 4: [1, 1, 1, 1, 1, 'G', 0, 0, 0, 0, 0, 0, 0, 0, 0, 0, 0, 0, 0, 0]
  Core 5: [0, 0, 0, 0, 0, 0, 0, 0, 0, 0, 0, 0, 0, 0, 0, 0, 0, 0, 0, 0]
  Core 6: [0, 0, 0, 0, 0, 0, 0, 0, 0, 0, 0, 0, 0, 0, 0, 0, 0, 0, 0, 0]
  Core 7: [0, 0, 0, 0, 0, 0, 0, 0, 0, 0, 0, 0, 0, 0, 0, 0, 0, 0, 0, 0]
6 - 5:
  Core 1: [1, 1, 1, 1, 'G', 0, 0, 0, 0, 0, 0, 0, 0, 0, 0, 0, 0, 0, 0, 0]
  Core 2: [0, 0, 0, 0, 0, 0, 0, 0, 0, 0, 0, 0, 0, 0, 0, 0, 0, 0, 0, 0]
  Core 3: [0, 0, 0, 0, 0, 0, 0, 0, 0, 0, 0, 0, 0, 0, 0, 0, 0, 0, 0, 0]
  Core 4: [0, 0, 0, 0, 0, 0, 0, 0, 0, 0, 0, 0, 0, 0, 0, 0, 0, 0, 0, 0]
  Core 5: [0, 0, 0, 0, 0, 0, 0, 0, 0, 0, 0, 0, 0, 0, 0, 0, 0, 0, 0, 0]
  Core 6: [0, 0, 0, 0, 0, 0, 0, 0, 0, 0, 0, 0, 0, 0, 0, 0, 0, 0, 0, 0]
  Core 7: [0, 0, 0, 0, 0, 0, 0, 0, 0, 0, 0, 0, 0, 0, 0, 0, 0, 0, 0, 0]

Source: 5
Destination: 3
Path: 5 -> 3
SP Length (km): 800
Bandwidth (Gbps): 371
Selected Modulation Format: 16-QAM
FS Capacity: 12.5 GHz
Efficiency: 4
Slots needed (excluding guard bit): 8

Checking for path:  ['5', '3']
  Allocated per link: [(frozenset({'5', '3'}), 6, 0)]

Current Slot Usage:
2 - 1:
  Core 1: [1, 1, 1, 1, 1, 1, 1, 1, 'G', 0, 0, 0, 0, 0, 0, 0, 0, 0, 0, 0]
  Core 2: [1, 1, 1, 1, 1, 1, 1, 1, 1, 1, 'G', 0, 0, 0, 0, 0, 0, 0, 0, 0]
  Core 3: [0, 0, 0, 0, 0, 0, 0, 0, 0, 0, 0, 0, 0, 0, 0, 0, 0, 0, 0, 0]
  Core 4: [1, 1, 1, 1, 1, 1, 1, 1, 1, 1, 1, 'G', 0, 0, 0, 0, 0, 0, 0, 0]
  Core 5: [1, 1, 1, 1, 1, 1, 1, 'G', 0, 0, 0, 0, 0, 0, 0, 0, 0, 0, 0, 0]
  Core 6: [1, 1, 1, 1, 1, 1, 1, 'G', 0, 0, 0, 0, 0, 0, 0, 0, 0, 0, 0, 0]
  Core 7: [0, 0, 0, 0, 0, 0, 0, 1, 1, 1, 1, 'G', 0, 0, 0, 0, 0, 0, 0, 0]
3 - 1:
  Core 1: [1, 1, 1, 1, 1, 1, 1, 1, 1, 1, 'G', 0, 0, 0, 0, 0, 0, 0, 0, 0]
  Core 2: [1, 1, 1, 1, 'G', 0, 0, 0, 0, 0, 0, 0, 0, 0, 0, 0, 0, 0, 0, 0]
  Core 3: [0, 0, 0, 0, 0, 0, 0, 0, 0, 0, 0, 0, 0, 0, 0, 0, 0, 0, 0, 0]
  Core 4: [1, 1, 1, 1, 'G', 0, 0, 0, 0, 0, 0, 0, 0, 0, 0, 0, 0, 0, 0, 0]
  Core 5: [0, 0, 0, 0, 0, 0, 0, 0, 0, 0, 0, 0, 0, 0, 0, 0, 0, 0, 0, 0]
  Core 6: [0, 0, 0, 0, 0, 0, 0, 0, 0, 0, 0, 0, 0, 0, 0, 0, 0, 0, 0, 0]
  Core 7: [0, 0, 0, 0, 0, 0, 0, 0, 0, 0, 0, 0, 0, 0, 0, 0, 0, 0, 0, 0]
2 - 3:
  Core 1: [1, 1, 1, 'G', 0, 0, 0, 0, 0, 0, 0, 0, 0, 0, 0, 0, 0, 0, 0, 0]
  Core 2: [1, 1, 1, 1, 1, 'G', 0, 0, 0, 0, 0, 0, 0, 0, 0, 0, 0, 0, 0, 0]
  Core 3: [0, 0, 0, 0, 0, 0, 0, 0, 0, 0, 0, 0, 0, 0, 0, 0, 0, 0, 0, 0]
  Core 4: [1, 1, 1, 1, 1, 1, 1, 1, 1, 'G', 0, 0, 0, 0, 0, 0, 0, 0, 0, 0]
  Core 5: [0, 0, 0, 0, 0, 0, 0, 0, 0, 0, 0, 0, 0, 0, 0, 0, 0, 0, 0, 0]
  Core 6: [0, 0, 0, 0, 0, 0, 0, 0, 0, 0, 0, 0, 0, 0, 0, 0, 0, 0, 0, 0]
  Core 7: [0, 0, 0, 0, 0, 0, 0, 0, 0, 0, 0, 0, 0, 0, 0, 0, 0, 0, 0, 0]
2 - 4:
  Core 1: [1, 1, 1, 1, 1, 1, 1, 1, 1, 1, 'G', 0, 0, 0, 0, 0, 0, 0, 0, 0]
  Core 2: [1, 1, 1, 1, 1, 1, 1, 'G', 0, 0, 0, 0, 0, 0, 0, 0, 0, 0, 0, 0]
  Core 3: [0, 0, 0, 0, 0, 0, 0, 0, 0, 0, 0, 0, 0, 0, 0, 0, 0, 0, 0, 0]
  Core 4: [1, 1, 1, 1, 1, 1, 'G', 0, 0, 0, 0, 0, 0, 0, 0, 0, 0, 0, 0, 0]
  Core 5: [1, 1, 1, 1, 'G', 1, 1, 1, 1, 'G', 0, 0, 0, 0, 0, 0, 0, 0, 0, 0]
  Core 6: [1, 1, 1, 1, 1, 1, 1, 1, 1, 'G', 0, 0, 0, 0, 0, 0, 0, 0, 0, 0]
  Core 7: [0, 0, 0, 0, 0, 0, 1, 1, 1, 1, 1, 1, 1, 1, 'G', 0, 0, 0, 0, 0]
2 - 5:
  Core 1: [1, 1, 1, 1, 1, 1, 1, 1, 1, 1, 1, 'G', 0, 0, 0, 0, 0, 0, 0, 0]
  Core 2: [1, 1, 1, 1, 1, 1, 'G', 0, 0, 0, 0, 0, 0, 0, 0, 0, 0, 0, 0, 0]
  Core 3: [0, 0, 0, 0, 0, 0, 0, 0, 0, 0, 0, 0, 0, 0, 0, 0, 0, 0, 0, 0]
  Core 4: [1, 1, 1, 'G', 0, 0, 0, 0, 0, 0, 0, 0, 0, 0, 0, 0, 0, 0, 0, 0]
  Core 5: [0, 0, 0, 0, 0, 0, 0, 0, 0, 0, 0, 0, 0, 0, 0, 0, 0, 0, 0, 0]
  Core 6: [0, 0, 0, 0, 0, 0, 0, 0, 0, 0, 0, 0, 0, 0, 0, 0, 0, 0, 0, 0]
  Core 7: [0, 0, 0, 0, 0, 0, 0, 0, 0, 0, 0, 0, 0, 0, 0, 0, 0, 0, 0, 0]
5 - 3:
  Core 1: [1, 1, 1, 1, 1, 1, 'G', 0, 0, 0, 0, 0, 0, 0, 0, 0, 0, 0, 0, 0]
  Core 2: [1, 1, 1, 1, 'G', 0, 0, 0, 0, 0, 0, 0, 0, 0, 0, 0, 0, 0, 0, 0]
  Core 3: [0, 0, 0, 0, 0, 0, 0, 0, 0, 0, 0, 0, 0, 0, 0, 0, 0, 0, 0, 0]
  Core 4: [1, 1, 1, 1, 1, 'G', 0, 0, 0, 0, 0, 0, 0, 0, 0, 0, 0, 0, 0, 0]
  Core 5: [1, 1, 1, 1, 'G', 0, 0, 0, 0, 0, 0, 0, 0, 0, 0, 0, 0, 0, 0, 0]
  Core 6: [1, 1, 1, 1, 1, 1, 1, 1, 'G', 0, 0, 0, 0, 0, 0, 0, 0, 0, 0, 0]
  Core 7: [0, 0, 0, 0, 0, 0, 0, 0, 0, 0, 0, 0, 0, 0, 0, 0, 0, 0, 0, 0]
5 - 4:
  Core 1: [1, 1, 1, 1, 1, 'G', 0, 0, 0, 0, 0, 0, 0, 0, 0, 0, 0, 0, 0, 0]
  Core 2: [1, 1, 1, 'G', 0, 0, 0, 0, 0, 0, 0, 0, 0, 0, 0, 0, 0, 0, 0, 0]
  Core 3: [0, 0, 0, 0, 0, 0, 0, 0, 0, 0, 0, 0, 0, 0, 0, 0, 0, 0, 0, 0]
  Core 4: [0, 0, 0, 0, 0, 0, 0, 0, 0, 0, 0, 0, 0, 0, 0, 0, 0, 0, 0, 0]
  Core 5: [0, 0, 0, 0, 0, 0, 0, 0, 0, 0, 0, 0, 0, 0, 0, 0, 0, 0, 0, 0]
  Core 6: [0, 0, 0, 0, 0, 0, 0, 0, 0, 0, 0, 0, 0, 0, 0, 0, 0, 0, 0, 0]
  Core 7: [0, 0, 0, 0, 0, 0, 0, 0, 0, 0, 0, 0, 0, 0, 0, 0, 0, 0, 0, 0]
6 - 4:
  Core 1: [1, 1, 1, 1, 1, 1, 1, 'G', 0, 0, 0, 0, 0, 0, 0, 0, 0, 0, 0, 0]
  Core 2: [1, 1, 1, 1, 'G', 0, 0, 0, 0, 0, 0, 0, 0, 0, 0, 0, 0, 0, 0, 0]
  Core 3: [0, 0, 0, 0, 0, 0, 0, 0, 0, 0, 0, 0, 0, 0, 0, 0, 0, 0, 0, 0]
  Core 4: [1, 1, 1, 1, 1, 'G', 0, 0, 0, 0, 0, 0, 0, 0, 0, 0, 0, 0, 0, 0]
  Core 5: [0, 0, 0, 0, 0, 0, 0, 0, 0, 0, 0, 0, 0, 0, 0, 0, 0, 0, 0, 0]
  Core 6: [0, 0, 0, 0, 0, 0, 0, 0, 0, 0, 0, 0, 0, 0, 0, 0, 0, 0, 0, 0]
  Core 7: [0, 0, 0, 0, 0, 0, 0, 0, 0, 0, 0, 0, 0, 0, 0, 0, 0, 0, 0, 0]
6 - 5:
  Core 1: [1, 1, 1, 1, 'G', 0, 0, 0, 0, 0, 0, 0, 0, 0, 0, 0, 0, 0, 0, 0]
  Core 2: [0, 0, 0, 0, 0, 0, 0, 0, 0, 0, 0, 0, 0, 0, 0, 0, 0, 0, 0, 0]
  Core 3: [0, 0, 0, 0, 0, 0, 0, 0, 0, 0, 0, 0, 0, 0, 0, 0, 0, 0, 0, 0]
  Core 4: [0, 0, 0, 0, 0, 0, 0, 0, 0, 0, 0, 0, 0, 0, 0, 0, 0, 0, 0, 0]
  Core 5: [0, 0, 0, 0, 0, 0, 0, 0, 0, 0, 0, 0, 0, 0, 0, 0, 0, 0, 0, 0]
  Core 6: [0, 0, 0, 0, 0, 0, 0, 0, 0, 0, 0, 0, 0, 0, 0, 0, 0, 0, 0, 0]
  Core 7: [0, 0, 0, 0, 0, 0, 0, 0, 0, 0, 0, 0, 0, 0, 0, 0, 0, 0, 0, 0]

Source: 5
Destination: 4
Path: 5 -> 4
SP Length (km): 600
Bandwidth (Gbps): 131
Selected Modulation Format: 16-QAM
FS Capacity: 12.5 GHz
Efficiency: 4
Slots needed (excluding guard bit): 3

Checking for path:  ['5', '4']
  Allocated per link: [(frozenset({'5', '4'}), 4, 0)]

Current Slot Usage:
2 - 1:
  Core 1: [1, 1, 1, 1, 1, 1, 1, 1, 'G', 0, 0, 0, 0, 0, 0, 0, 0, 0, 0, 0]
  Core 2: [1, 1, 1, 1, 1, 1, 1, 1, 1, 1, 'G', 0, 0, 0, 0, 0, 0, 0, 0, 0]
  Core 3: [0, 0, 0, 0, 0, 0, 0, 0, 0, 0, 0, 0, 0, 0, 0, 0, 0, 0, 0, 0]
  Core 4: [1, 1, 1, 1, 1, 1, 1, 1, 1, 1, 1, 'G', 0, 0, 0, 0, 0, 0, 0, 0]
  Core 5: [1, 1, 1, 1, 1, 1, 1, 'G', 0, 0, 0, 0, 0, 0, 0, 0, 0, 0, 0, 0]
  Core 6: [1, 1, 1, 1, 1, 1, 1, 'G', 0, 0, 0, 0, 0, 0, 0, 0, 0, 0, 0, 0]
  Core 7: [0, 0, 0, 0, 0, 0, 0, 1, 1, 1, 1, 'G', 0, 0, 0, 0, 0, 0, 0, 0]
3 - 1:
  Core 1: [1, 1, 1, 1, 1, 1, 1, 1, 1, 1, 'G', 0, 0, 0, 0, 0, 0, 0, 0, 0]
  Core 2: [1, 1, 1, 1, 'G', 0, 0, 0, 0, 0, 0, 0, 0, 0, 0, 0, 0, 0, 0, 0]
  Core 3: [0, 0, 0, 0, 0, 0, 0, 0, 0, 0, 0, 0, 0, 0, 0, 0, 0, 0, 0, 0]
  Core 4: [1, 1, 1, 1, 'G', 0, 0, 0, 0, 0, 0, 0, 0, 0, 0, 0, 0, 0, 0, 0]
  Core 5: [0, 0, 0, 0, 0, 0, 0, 0, 0, 0, 0, 0, 0, 0, 0, 0, 0, 0, 0, 0]
  Core 6: [0, 0, 0, 0, 0, 0, 0, 0, 0, 0, 0, 0, 0, 0, 0, 0, 0, 0, 0, 0]
  Core 7: [0, 0, 0, 0, 0, 0, 0, 0, 0, 0, 0, 0, 0, 0, 0, 0, 0, 0, 0, 0]
2 - 3:
  Core 1: [1, 1, 1, 'G', 0, 0, 0, 0, 0, 0, 0, 0, 0, 0, 0, 0, 0, 0, 0, 0]
  Core 2: [1, 1, 1, 1, 1, 'G', 0, 0, 0, 0, 0, 0, 0, 0, 0, 0, 0, 0, 0, 0]
  Core 3: [0, 0, 0, 0, 0, 0, 0, 0, 0, 0, 0, 0, 0, 0, 0, 0, 0, 0, 0, 0]
  Core 4: [1, 1, 1, 1, 1, 1, 1, 1, 1, 'G', 0, 0, 0, 0, 0, 0, 0, 0, 0, 0]
  Core 5: [0, 0, 0, 0, 0, 0, 0, 0, 0, 0, 0, 0, 0, 0, 0, 0, 0, 0, 0, 0]
  Core 6: [0, 0, 0, 0, 0, 0, 0, 0, 0, 0, 0, 0, 0, 0, 0, 0, 0, 0, 0, 0]
  Core 7: [0, 0, 0, 0, 0, 0, 0, 0, 0, 0, 0, 0, 0, 0, 0, 0, 0, 0, 0, 0]
2 - 4:
  Core 1: [1, 1, 1, 1, 1, 1, 1, 1, 1, 1, 'G', 0, 0, 0, 0, 0, 0, 0, 0, 0]
  Core 2: [1, 1, 1, 1, 1, 1, 1, 'G', 0, 0, 0, 0, 0, 0, 0, 0, 0, 0, 0, 0]
  Core 3: [0, 0, 0, 0, 0, 0, 0, 0, 0, 0, 0, 0, 0, 0, 0, 0, 0, 0, 0, 0]
  Core 4: [1, 1, 1, 1, 1, 1, 'G', 0, 0, 0, 0, 0, 0, 0, 0, 0, 0, 0, 0, 0]
  Core 5: [1, 1, 1, 1, 'G', 1, 1, 1, 1, 'G', 0, 0, 0, 0, 0, 0, 0, 0, 0, 0]
  Core 6: [1, 1, 1, 1, 1, 1, 1, 1, 1, 'G', 0, 0, 0, 0, 0, 0, 0, 0, 0, 0]
  Core 7: [0, 0, 0, 0, 0, 0, 1, 1, 1, 1, 1, 1, 1, 1, 'G', 0, 0, 0, 0, 0]
2 - 5:
  Core 1: [1, 1, 1, 1, 1, 1, 1, 1, 1, 1, 1, 'G', 0, 0, 0, 0, 0, 0, 0, 0]
  Core 2: [1, 1, 1, 1, 1, 1, 'G', 0, 0, 0, 0, 0, 0, 0, 0, 0, 0, 0, 0, 0]
  Core 3: [0, 0, 0, 0, 0, 0, 0, 0, 0, 0, 0, 0, 0, 0, 0, 0, 0, 0, 0, 0]
  Core 4: [1, 1, 1, 'G', 0, 0, 0, 0, 0, 0, 0, 0, 0, 0, 0, 0, 0, 0, 0, 0]
  Core 5: [0, 0, 0, 0, 0, 0, 0, 0, 0, 0, 0, 0, 0, 0, 0, 0, 0, 0, 0, 0]
  Core 6: [0, 0, 0, 0, 0, 0, 0, 0, 0, 0, 0, 0, 0, 0, 0, 0, 0, 0, 0, 0]
  Core 7: [0, 0, 0, 0, 0, 0, 0, 0, 0, 0, 0, 0, 0, 0, 0, 0, 0, 0, 0, 0]
5 - 3:
  Core 1: [1, 1, 1, 1, 1, 1, 'G', 0, 0, 0, 0, 0, 0, 0, 0, 0, 0, 0, 0, 0]
  Core 2: [1, 1, 1, 1, 'G', 0, 0, 0, 0, 0, 0, 0, 0, 0, 0, 0, 0, 0, 0, 0]
  Core 3: [0, 0, 0, 0, 0, 0, 0, 0, 0, 0, 0, 0, 0, 0, 0, 0, 0, 0, 0, 0]
  Core 4: [1, 1, 1, 1, 1, 'G', 0, 0, 0, 0, 0, 0, 0, 0, 0, 0, 0, 0, 0, 0]
  Core 5: [1, 1, 1, 1, 'G', 0, 0, 0, 0, 0, 0, 0, 0, 0, 0, 0, 0, 0, 0, 0]
  Core 6: [1, 1, 1, 1, 1, 1, 1, 1, 'G', 0, 0, 0, 0, 0, 0, 0, 0, 0, 0, 0]
  Core 7: [0, 0, 0, 0, 0, 0, 0, 0, 0, 0, 0, 0, 0, 0, 0, 0, 0, 0, 0, 0]
5 - 4:
  Core 1: [1, 1, 1, 1, 1, 'G', 0, 0, 0, 0, 0, 0, 0, 0, 0, 0, 0, 0, 0, 0]
  Core 2: [1, 1, 1, 'G', 0, 0, 0, 0, 0, 0, 0, 0, 0, 0, 0, 0, 0, 0, 0, 0]
  Core 3: [0, 0, 0, 0, 0, 0, 0, 0, 0, 0, 0, 0, 0, 0, 0, 0, 0, 0, 0, 0]
  Core 4: [1, 1, 1, 'G', 0, 0, 0, 0, 0, 0, 0, 0, 0, 0, 0, 0, 0, 0, 0, 0]
  Core 5: [0, 0, 0, 0, 0, 0, 0, 0, 0, 0, 0, 0, 0, 0, 0, 0, 0, 0, 0, 0]
  Core 6: [0, 0, 0, 0, 0, 0, 0, 0, 0, 0, 0, 0, 0, 0, 0, 0, 0, 0, 0, 0]
  Core 7: [0, 0, 0, 0, 0, 0, 0, 0, 0, 0, 0, 0, 0, 0, 0, 0, 0, 0, 0, 0]
6 - 4:
  Core 1: [1, 1, 1, 1, 1, 1, 1, 'G', 0, 0, 0, 0, 0, 0, 0, 0, 0, 0, 0, 0]
  Core 2: [1, 1, 1, 1, 'G', 0, 0, 0, 0, 0, 0, 0, 0, 0, 0, 0, 0, 0, 0, 0]
  Core 3: [0, 0, 0, 0, 0, 0, 0, 0, 0, 0, 0, 0, 0, 0, 0, 0, 0, 0, 0, 0]
  Core 4: [1, 1, 1, 1, 1, 'G', 0, 0, 0, 0, 0, 0, 0, 0, 0, 0, 0, 0, 0, 0]
  Core 5: [0, 0, 0, 0, 0, 0, 0, 0, 0, 0, 0, 0, 0, 0, 0, 0, 0, 0, 0, 0]
  Core 6: [0, 0, 0, 0, 0, 0, 0, 0, 0, 0, 0, 0, 0, 0, 0, 0, 0, 0, 0, 0]
  Core 7: [0, 0, 0, 0, 0, 0, 0, 0, 0, 0, 0, 0, 0, 0, 0, 0, 0, 0, 0, 0]
6 - 5:
  Core 1: [1, 1, 1, 1, 'G', 0, 0, 0, 0, 0, 0, 0, 0, 0, 0, 0, 0, 0, 0, 0]
  Core 2: [0, 0, 0, 0, 0, 0, 0, 0, 0, 0, 0, 0, 0, 0, 0, 0, 0, 0, 0, 0]
  Core 3: [0, 0, 0, 0, 0, 0, 0, 0, 0, 0, 0, 0, 0, 0, 0, 0, 0, 0, 0, 0]
  Core 4: [0, 0, 0, 0, 0, 0, 0, 0, 0, 0, 0, 0, 0, 0, 0, 0, 0, 0, 0, 0]
  Core 5: [0, 0, 0, 0, 0, 0, 0, 0, 0, 0, 0, 0, 0, 0, 0, 0, 0, 0, 0, 0]
  Core 6: [0, 0, 0, 0, 0, 0, 0, 0, 0, 0, 0, 0, 0, 0, 0, 0, 0, 0, 0, 0]
  Core 7: [0, 0, 0, 0, 0, 0, 0, 0, 0, 0, 0, 0, 0, 0, 0, 0, 0, 0, 0, 0]

Source: 5
Destination: 6
Path: 5 -> 6
SP Length (km): 1200
Bandwidth (Gbps): 149
Selected Modulation Format: 8-QAM
FS Capacity: 12.5 GHz
Efficiency: 3
Slots needed (excluding guard bit): 4

Checking for path:  ['5', '6']
  Allocated per link: [(frozenset({'6', '5'}), 2, 0)]

Current Slot Usage:
2 - 1:
  Core 1: [1, 1, 1, 1, 1, 1, 1, 1, 'G', 0, 0, 0, 0, 0, 0, 0, 0, 0, 0, 0]
  Core 2: [1, 1, 1, 1, 1, 1, 1, 1, 1, 1, 'G', 0, 0, 0, 0, 0, 0, 0, 0, 0]
  Core 3: [0, 0, 0, 0, 0, 0, 0, 0, 0, 0, 0, 0, 0, 0, 0, 0, 0, 0, 0, 0]
  Core 4: [1, 1, 1, 1, 1, 1, 1, 1, 1, 1, 1, 'G', 0, 0, 0, 0, 0, 0, 0, 0]
  Core 5: [1, 1, 1, 1, 1, 1, 1, 'G', 0, 0, 0, 0, 0, 0, 0, 0, 0, 0, 0, 0]
  Core 6: [1, 1, 1, 1, 1, 1, 1, 'G', 0, 0, 0, 0, 0, 0, 0, 0, 0, 0, 0, 0]
  Core 7: [0, 0, 0, 0, 0, 0, 0, 1, 1, 1, 1, 'G', 0, 0, 0, 0, 0, 0, 0, 0]
3 - 1:
  Core 1: [1, 1, 1, 1, 1, 1, 1, 1, 1, 1, 'G', 0, 0, 0, 0, 0, 0, 0, 0, 0]
  Core 2: [1, 1, 1, 1, 'G', 0, 0, 0, 0, 0, 0, 0, 0, 0, 0, 0, 0, 0, 0, 0]
  Core 3: [0, 0, 0, 0, 0, 0, 0, 0, 0, 0, 0, 0, 0, 0, 0, 0, 0, 0, 0, 0]
  Core 4: [1, 1, 1, 1, 'G', 0, 0, 0, 0, 0, 0, 0, 0, 0, 0, 0, 0, 0, 0, 0]
  Core 5: [0, 0, 0, 0, 0, 0, 0, 0, 0, 0, 0, 0, 0, 0, 0, 0, 0, 0, 0, 0]
  Core 6: [0, 0, 0, 0, 0, 0, 0, 0, 0, 0, 0, 0, 0, 0, 0, 0, 0, 0, 0, 0]
  Core 7: [0, 0, 0, 0, 0, 0, 0, 0, 0, 0, 0, 0, 0, 0, 0, 0, 0, 0, 0, 0]
2 - 3:
  Core 1: [1, 1, 1, 'G', 0, 0, 0, 0, 0, 0, 0, 0, 0, 0, 0, 0, 0, 0, 0, 0]
  Core 2: [1, 1, 1, 1, 1, 'G', 0, 0, 0, 0, 0, 0, 0, 0, 0, 0, 0, 0, 0, 0]
  Core 3: [0, 0, 0, 0, 0, 0, 0, 0, 0, 0, 0, 0, 0, 0, 0, 0, 0, 0, 0, 0]
  Core 4: [1, 1, 1, 1, 1, 1, 1, 1, 1, 'G', 0, 0, 0, 0, 0, 0, 0, 0, 0, 0]
  Core 5: [0, 0, 0, 0, 0, 0, 0, 0, 0, 0, 0, 0, 0, 0, 0, 0, 0, 0, 0, 0]
  Core 6: [0, 0, 0, 0, 0, 0, 0, 0, 0, 0, 0, 0, 0, 0, 0, 0, 0, 0, 0, 0]
  Core 7: [0, 0, 0, 0, 0, 0, 0, 0, 0, 0, 0, 0, 0, 0, 0, 0, 0, 0, 0, 0]
2 - 4:
  Core 1: [1, 1, 1, 1, 1, 1, 1, 1, 1, 1, 'G', 0, 0, 0, 0, 0, 0, 0, 0, 0]
  Core 2: [1, 1, 1, 1, 1, 1, 1, 'G', 0, 0, 0, 0, 0, 0, 0, 0, 0, 0, 0, 0]
  Core 3: [0, 0, 0, 0, 0, 0, 0, 0, 0, 0, 0, 0, 0, 0, 0, 0, 0, 0, 0, 0]
  Core 4: [1, 1, 1, 1, 1, 1, 'G', 0, 0, 0, 0, 0, 0, 0, 0, 0, 0, 0, 0, 0]
  Core 5: [1, 1, 1, 1, 'G', 1, 1, 1, 1, 'G', 0, 0, 0, 0, 0, 0, 0, 0, 0, 0]
  Core 6: [1, 1, 1, 1, 1, 1, 1, 1, 1, 'G', 0, 0, 0, 0, 0, 0, 0, 0, 0, 0]
  Core 7: [0, 0, 0, 0, 0, 0, 1, 1, 1, 1, 1, 1, 1, 1, 'G', 0, 0, 0, 0, 0]
2 - 5:
  Core 1: [1, 1, 1, 1, 1, 1, 1, 1, 1, 1, 1, 'G', 0, 0, 0, 0, 0, 0, 0, 0]
  Core 2: [1, 1, 1, 1, 1, 1, 'G', 0, 0, 0, 0, 0, 0, 0, 0, 0, 0, 0, 0, 0]
  Core 3: [0, 0, 0, 0, 0, 0, 0, 0, 0, 0, 0, 0, 0, 0, 0, 0, 0, 0, 0, 0]
  Core 4: [1, 1, 1, 'G', 0, 0, 0, 0, 0, 0, 0, 0, 0, 0, 0, 0, 0, 0, 0, 0]
  Core 5: [0, 0, 0, 0, 0, 0, 0, 0, 0, 0, 0, 0, 0, 0, 0, 0, 0, 0, 0, 0]
  Core 6: [0, 0, 0, 0, 0, 0, 0, 0, 0, 0, 0, 0, 0, 0, 0, 0, 0, 0, 0, 0]
  Core 7: [0, 0, 0, 0, 0, 0, 0, 0, 0, 0, 0, 0, 0, 0, 0, 0, 0, 0, 0, 0]
5 - 3:
  Core 1: [1, 1, 1, 1, 1, 1, 'G', 0, 0, 0, 0, 0, 0, 0, 0, 0, 0, 0, 0, 0]
  Core 2: [1, 1, 1, 1, 'G', 0, 0, 0, 0, 0, 0, 0, 0, 0, 0, 0, 0, 0, 0, 0]
  Core 3: [0, 0, 0, 0, 0, 0, 0, 0, 0, 0, 0, 0, 0, 0, 0, 0, 0, 0, 0, 0]
  Core 4: [1, 1, 1, 1, 1, 'G', 0, 0, 0, 0, 0, 0, 0, 0, 0, 0, 0, 0, 0, 0]
  Core 5: [1, 1, 1, 1, 'G', 0, 0, 0, 0, 0, 0, 0, 0, 0, 0, 0, 0, 0, 0, 0]
  Core 6: [1, 1, 1, 1, 1, 1, 1, 1, 'G', 0, 0, 0, 0, 0, 0, 0, 0, 0, 0, 0]
  Core 7: [0, 0, 0, 0, 0, 0, 0, 0, 0, 0, 0, 0, 0, 0, 0, 0, 0, 0, 0, 0]
5 - 4:
  Core 1: [1, 1, 1, 1, 1, 'G', 0, 0, 0, 0, 0, 0, 0, 0, 0, 0, 0, 0, 0, 0]
  Core 2: [1, 1, 1, 'G', 0, 0, 0, 0, 0, 0, 0, 0, 0, 0, 0, 0, 0, 0, 0, 0]
  Core 3: [0, 0, 0, 0, 0, 0, 0, 0, 0, 0, 0, 0, 0, 0, 0, 0, 0, 0, 0, 0]
  Core 4: [1, 1, 1, 'G', 0, 0, 0, 0, 0, 0, 0, 0, 0, 0, 0, 0, 0, 0, 0, 0]
  Core 5: [0, 0, 0, 0, 0, 0, 0, 0, 0, 0, 0, 0, 0, 0, 0, 0, 0, 0, 0, 0]
  Core 6: [0, 0, 0, 0, 0, 0, 0, 0, 0, 0, 0, 0, 0, 0, 0, 0, 0, 0, 0, 0]
  Core 7: [0, 0, 0, 0, 0, 0, 0, 0, 0, 0, 0, 0, 0, 0, 0, 0, 0, 0, 0, 0]
6 - 4:
  Core 1: [1, 1, 1, 1, 1, 1, 1, 'G', 0, 0, 0, 0, 0, 0, 0, 0, 0, 0, 0, 0]
  Core 2: [1, 1, 1, 1, 'G', 0, 0, 0, 0, 0, 0, 0, 0, 0, 0, 0, 0, 0, 0, 0]
  Core 3: [0, 0, 0, 0, 0, 0, 0, 0, 0, 0, 0, 0, 0, 0, 0, 0, 0, 0, 0, 0]
  Core 4: [1, 1, 1, 1, 1, 'G', 0, 0, 0, 0, 0, 0, 0, 0, 0, 0, 0, 0, 0, 0]
  Core 5: [0, 0, 0, 0, 0, 0, 0, 0, 0, 0, 0, 0, 0, 0, 0, 0, 0, 0, 0, 0]
  Core 6: [0, 0, 0, 0, 0, 0, 0, 0, 0, 0, 0, 0, 0, 0, 0, 0, 0, 0, 0, 0]
  Core 7: [0, 0, 0, 0, 0, 0, 0, 0, 0, 0, 0, 0, 0, 0, 0, 0, 0, 0, 0, 0]
6 - 5:
  Core 1: [1, 1, 1, 1, 'G', 0, 0, 0, 0, 0, 0, 0, 0, 0, 0, 0, 0, 0, 0, 0]
  Core 2: [1, 1, 1, 1, 'G', 0, 0, 0, 0, 0, 0, 0, 0, 0, 0, 0, 0, 0, 0, 0]
  Core 3: [0, 0, 0, 0, 0, 0, 0, 0, 0, 0, 0, 0, 0, 0, 0, 0, 0, 0, 0, 0]
  Core 4: [0, 0, 0, 0, 0, 0, 0, 0, 0, 0, 0, 0, 0, 0, 0, 0, 0, 0, 0, 0]
  Core 5: [0, 0, 0, 0, 0, 0, 0, 0, 0, 0, 0, 0, 0, 0, 0, 0, 0, 0, 0, 0]
  Core 6: [0, 0, 0, 0, 0, 0, 0, 0, 0, 0, 0, 0, 0, 0, 0, 0, 0, 0, 0, 0]
  Core 7: [0, 0, 0, 0, 0, 0, 0, 0, 0, 0, 0, 0, 0, 0, 0, 0, 0, 0, 0, 0]

Source: 6
Destination: 1
Path: 6 -> 4 -> 2 -> 1
SP Length (km): 2800
Bandwidth (Gbps): 331
Selected Modulation Format: QPSK
FS Capacity: 12.5 GHz
Efficiency: 2
Slots needed (excluding guard bit): 14

Checking for path:  ['6', '4', '2', '1']
  Allocation FAILED at link 4-2

Current Slot Usage:
2 - 1:
  Core 1: [1, 1, 1, 1, 1, 1, 1, 1, 'G', 0, 0, 0, 0, 0, 0, 0, 0, 0, 0, 0]
  Core 2: [1, 1, 1, 1, 1, 1, 1, 1, 1, 1, 'G', 0, 0, 0, 0, 0, 0, 0, 0, 0]
  Core 3: [0, 0, 0, 0, 0, 0, 0, 0, 0, 0, 0, 0, 0, 0, 0, 0, 0, 0, 0, 0]
  Core 4: [1, 1, 1, 1, 1, 1, 1, 1, 1, 1, 1, 'G', 0, 0, 0, 0, 0, 0, 0, 0]
  Core 5: [1, 1, 1, 1, 1, 1, 1, 'G', 0, 0, 0, 0, 0, 0, 0, 0, 0, 0, 0, 0]
  Core 6: [1, 1, 1, 1, 1, 1, 1, 'G', 0, 0, 0, 0, 0, 0, 0, 0, 0, 0, 0, 0]
  Core 7: [0, 0, 0, 0, 0, 0, 0, 1, 1, 1, 1, 'G', 0, 0, 0, 0, 0, 0, 0, 0]
3 - 1:
  Core 1: [1, 1, 1, 1, 1, 1, 1, 1, 1, 1, 'G', 0, 0, 0, 0, 0, 0, 0, 0, 0]
  Core 2: [1, 1, 1, 1, 'G', 0, 0, 0, 0, 0, 0, 0, 0, 0, 0, 0, 0, 0, 0, 0]
  Core 3: [0, 0, 0, 0, 0, 0, 0, 0, 0, 0, 0, 0, 0, 0, 0, 0, 0, 0, 0, 0]
  Core 4: [1, 1, 1, 1, 'G', 0, 0, 0, 0, 0, 0, 0, 0, 0, 0, 0, 0, 0, 0, 0]
  Core 5: [0, 0, 0, 0, 0, 0, 0, 0, 0, 0, 0, 0, 0, 0, 0, 0, 0, 0, 0, 0]
  Core 6: [0, 0, 0, 0, 0, 0, 0, 0, 0, 0, 0, 0, 0, 0, 0, 0, 0, 0, 0, 0]
  Core 7: [0, 0, 0, 0, 0, 0, 0, 0, 0, 0, 0, 0, 0, 0, 0, 0, 0, 0, 0, 0]
2 - 3:
  Core 1: [1, 1, 1, 'G', 0, 0, 0, 0, 0, 0, 0, 0, 0, 0, 0, 0, 0, 0, 0, 0]
  Core 2: [1, 1, 1, 1, 1, 'G', 0, 0, 0, 0, 0, 0, 0, 0, 0, 0, 0, 0, 0, 0]
  Core 3: [0, 0, 0, 0, 0, 0, 0, 0, 0, 0, 0, 0, 0, 0, 0, 0, 0, 0, 0, 0]
  Core 4: [1, 1, 1, 1, 1, 1, 1, 1, 1, 'G', 0, 0, 0, 0, 0, 0, 0, 0, 0, 0]
  Core 5: [0, 0, 0, 0, 0, 0, 0, 0, 0, 0, 0, 0, 0, 0, 0, 0, 0, 0, 0, 0]
  Core 6: [0, 0, 0, 0, 0, 0, 0, 0, 0, 0, 0, 0, 0, 0, 0, 0, 0, 0, 0, 0]
  Core 7: [0, 0, 0, 0, 0, 0, 0, 0, 0, 0, 0, 0, 0, 0, 0, 0, 0, 0, 0, 0]
2 - 4:
  Core 1: [1, 1, 1, 1, 1, 1, 1, 1, 1, 1, 'G', 0, 0, 0, 0, 0, 0, 0, 0, 0]
  Core 2: [1, 1, 1, 1, 1, 1, 1, 'G', 0, 0, 0, 0, 0, 0, 0, 0, 0, 0, 0, 0]
  Core 3: [0, 0, 0, 0, 0, 0, 0, 0, 0, 0, 0, 0, 0, 0, 0, 0, 0, 0, 0, 0]
  Core 4: [1, 1, 1, 1, 1, 1, 'G', 0, 0, 0, 0, 0, 0, 0, 0, 0, 0, 0, 0, 0]
  Core 5: [1, 1, 1, 1, 'G', 1, 1, 1, 1, 'G', 0, 0, 0, 0, 0, 0, 0, 0, 0, 0]
  Core 6: [1, 1, 1, 1, 1, 1, 1, 1, 1, 'G', 0, 0, 0, 0, 0, 0, 0, 0, 0, 0]
  Core 7: [0, 0, 0, 0, 0, 0, 1, 1, 1, 1, 1, 1, 1, 1, 'G', 0, 0, 0, 0, 0]
2 - 5:
  Core 1: [1, 1, 1, 1, 1, 1, 1, 1, 1, 1, 1, 'G', 0, 0, 0, 0, 0, 0, 0, 0]
  Core 2: [1, 1, 1, 1, 1, 1, 'G', 0, 0, 0, 0, 0, 0, 0, 0, 0, 0, 0, 0, 0]
  Core 3: [0, 0, 0, 0, 0, 0, 0, 0, 0, 0, 0, 0, 0, 0, 0, 0, 0, 0, 0, 0]
  Core 4: [1, 1, 1, 'G', 0, 0, 0, 0, 0, 0, 0, 0, 0, 0, 0, 0, 0, 0, 0, 0]
  Core 5: [0, 0, 0, 0, 0, 0, 0, 0, 0, 0, 0, 0, 0, 0, 0, 0, 0, 0, 0, 0]
  Core 6: [0, 0, 0, 0, 0, 0, 0, 0, 0, 0, 0, 0, 0, 0, 0, 0, 0, 0, 0, 0]
  Core 7: [0, 0, 0, 0, 0, 0, 0, 0, 0, 0, 0, 0, 0, 0, 0, 0, 0, 0, 0, 0]
5 - 3:
  Core 1: [1, 1, 1, 1, 1, 1, 'G', 0, 0, 0, 0, 0, 0, 0, 0, 0, 0, 0, 0, 0]
  Core 2: [1, 1, 1, 1, 'G', 0, 0, 0, 0, 0, 0, 0, 0, 0, 0, 0, 0, 0, 0, 0]
  Core 3: [0, 0, 0, 0, 0, 0, 0, 0, 0, 0, 0, 0, 0, 0, 0, 0, 0, 0, 0, 0]
  Core 4: [1, 1, 1, 1, 1, 'G', 0, 0, 0, 0, 0, 0, 0, 0, 0, 0, 0, 0, 0, 0]
  Core 5: [1, 1, 1, 1, 'G', 0, 0, 0, 0, 0, 0, 0, 0, 0, 0, 0, 0, 0, 0, 0]
  Core 6: [1, 1, 1, 1, 1, 1, 1, 1, 'G', 0, 0, 0, 0, 0, 0, 0, 0, 0, 0, 0]
  Core 7: [0, 0, 0, 0, 0, 0, 0, 0, 0, 0, 0, 0, 0, 0, 0, 0, 0, 0, 0, 0]
5 - 4:
  Core 1: [1, 1, 1, 1, 1, 'G', 0, 0, 0, 0, 0, 0, 0, 0, 0, 0, 0, 0, 0, 0]
  Core 2: [1, 1, 1, 'G', 0, 0, 0, 0, 0, 0, 0, 0, 0, 0, 0, 0, 0, 0, 0, 0]
  Core 3: [0, 0, 0, 0, 0, 0, 0, 0, 0, 0, 0, 0, 0, 0, 0, 0, 0, 0, 0, 0]
  Core 4: [1, 1, 1, 'G', 0, 0, 0, 0, 0, 0, 0, 0, 0, 0, 0, 0, 0, 0, 0, 0]
  Core 5: [0, 0, 0, 0, 0, 0, 0, 0, 0, 0, 0, 0, 0, 0, 0, 0, 0, 0, 0, 0]
  Core 6: [0, 0, 0, 0, 0, 0, 0, 0, 0, 0, 0, 0, 0, 0, 0, 0, 0, 0, 0, 0]
  Core 7: [0, 0, 0, 0, 0, 0, 0, 0, 0, 0, 0, 0, 0, 0, 0, 0, 0, 0, 0, 0]
6 - 4:
  Core 1: [1, 1, 1, 1, 1, 1, 1, 'G', 0, 0, 0, 0, 0, 0, 0, 0, 0, 0, 0, 0]
  Core 2: [1, 1, 1, 1, 'G', 0, 0, 0, 0, 0, 0, 0, 0, 0, 0, 0, 0, 0, 0, 0]
  Core 3: [0, 0, 0, 0, 0, 0, 0, 0, 0, 0, 0, 0, 0, 0, 0, 0, 0, 0, 0, 0]
  Core 4: [1, 1, 1, 1, 1, 'G', 0, 0, 0, 0, 0, 0, 0, 0, 0, 0, 0, 0, 0, 0]
  Core 5: [0, 0, 0, 0, 0, 0, 0, 0, 0, 0, 0, 0, 0, 0, 0, 0, 0, 0, 0, 0]
  Core 6: [0, 0, 0, 0, 0, 0, 0, 0, 0, 0, 0, 0, 0, 0, 0, 0, 0, 0, 0, 0]
  Core 7: [0, 0, 0, 0, 0, 0, 0, 0, 0, 0, 0, 0, 0, 0, 0, 0, 0, 0, 0, 0]
6 - 5:
  Core 1: [1, 1, 1, 1, 'G', 0, 0, 0, 0, 0, 0, 0, 0, 0, 0, 0, 0, 0, 0, 0]
  Core 2: [1, 1, 1, 1, 'G', 0, 0, 0, 0, 0, 0, 0, 0, 0, 0, 0, 0, 0, 0, 0]
  Core 3: [0, 0, 0, 0, 0, 0, 0, 0, 0, 0, 0, 0, 0, 0, 0, 0, 0, 0, 0, 0]
  Core 4: [0, 0, 0, 0, 0, 0, 0, 0, 0, 0, 0, 0, 0, 0, 0, 0, 0, 0, 0, 0]
  Core 5: [0, 0, 0, 0, 0, 0, 0, 0, 0, 0, 0, 0, 0, 0, 0, 0, 0, 0, 0, 0]
  Core 6: [0, 0, 0, 0, 0, 0, 0, 0, 0, 0, 0, 0, 0, 0, 0, 0, 0, 0, 0, 0]
  Core 7: [0, 0, 0, 0, 0, 0, 0, 0, 0, 0, 0, 0, 0, 0, 0, 0, 0, 0, 0, 0]

Source: 6
Destination: 2
Path: 6 -> 4 -> 2
SP Length (km): 1800
Bandwidth (Gbps): 320
Selected Modulation Format: 8-QAM
FS Capacity: 12.5 GHz
Efficiency: 3
Slots needed (excluding guard bit): 9

Checking for path:  ['6', '4', '2']
  Allocated per link: [(frozenset({'6', '4'}), 5, 0), (frozenset({'2', '4'}), 3, 7)]

Current Slot Usage:
2 - 1:
  Core 1: [1, 1, 1, 1, 1, 1, 1, 1, 'G', 0, 0, 0, 0, 0, 0, 0, 0, 0, 0, 0]
  Core 2: [1, 1, 1, 1, 1, 1, 1, 1, 1, 1, 'G', 0, 0, 0, 0, 0, 0, 0, 0, 0]
  Core 3: [0, 0, 0, 0, 0, 0, 0, 0, 0, 0, 0, 0, 0, 0, 0, 0, 0, 0, 0, 0]
  Core 4: [1, 1, 1, 1, 1, 1, 1, 1, 1, 1, 1, 'G', 0, 0, 0, 0, 0, 0, 0, 0]
  Core 5: [1, 1, 1, 1, 1, 1, 1, 'G', 0, 0, 0, 0, 0, 0, 0, 0, 0, 0, 0, 0]
  Core 6: [1, 1, 1, 1, 1, 1, 1, 'G', 0, 0, 0, 0, 0, 0, 0, 0, 0, 0, 0, 0]
  Core 7: [0, 0, 0, 0, 0, 0, 0, 1, 1, 1, 1, 'G', 0, 0, 0, 0, 0, 0, 0, 0]
3 - 1:
  Core 1: [1, 1, 1, 1, 1, 1, 1, 1, 1, 1, 'G', 0, 0, 0, 0, 0, 0, 0, 0, 0]
  Core 2: [1, 1, 1, 1, 'G', 0, 0, 0, 0, 0, 0, 0, 0, 0, 0, 0, 0, 0, 0, 0]
  Core 3: [0, 0, 0, 0, 0, 0, 0, 0, 0, 0, 0, 0, 0, 0, 0, 0, 0, 0, 0, 0]
  Core 4: [1, 1, 1, 1, 'G', 0, 0, 0, 0, 0, 0, 0, 0, 0, 0, 0, 0, 0, 0, 0]
  Core 5: [0, 0, 0, 0, 0, 0, 0, 0, 0, 0, 0, 0, 0, 0, 0, 0, 0, 0, 0, 0]
  Core 6: [0, 0, 0, 0, 0, 0, 0, 0, 0, 0, 0, 0, 0, 0, 0, 0, 0, 0, 0, 0]
  Core 7: [0, 0, 0, 0, 0, 0, 0, 0, 0, 0, 0, 0, 0, 0, 0, 0, 0, 0, 0, 0]
2 - 3:
  Core 1: [1, 1, 1, 'G', 0, 0, 0, 0, 0, 0, 0, 0, 0, 0, 0, 0, 0, 0, 0, 0]
  Core 2: [1, 1, 1, 1, 1, 'G', 0, 0, 0, 0, 0, 0, 0, 0, 0, 0, 0, 0, 0, 0]
  Core 3: [0, 0, 0, 0, 0, 0, 0, 0, 0, 0, 0, 0, 0, 0, 0, 0, 0, 0, 0, 0]
  Core 4: [1, 1, 1, 1, 1, 1, 1, 1, 1, 'G', 0, 0, 0, 0, 0, 0, 0, 0, 0, 0]
  Core 5: [0, 0, 0, 0, 0, 0, 0, 0, 0, 0, 0, 0, 0, 0, 0, 0, 0, 0, 0, 0]
  Core 6: [0, 0, 0, 0, 0, 0, 0, 0, 0, 0, 0, 0, 0, 0, 0, 0, 0, 0, 0, 0]
  Core 7: [0, 0, 0, 0, 0, 0, 0, 0, 0, 0, 0, 0, 0, 0, 0, 0, 0, 0, 0, 0]
2 - 4:
  Core 1: [1, 1, 1, 1, 1, 1, 1, 1, 1, 1, 'G', 0, 0, 0, 0, 0, 0, 0, 0, 0]
  Core 2: [1, 1, 1, 1, 1, 1, 1, 'G', 0, 0, 0, 0, 0, 0, 0, 0, 0, 0, 0, 0]
  Core 3: [0, 0, 0, 0, 0, 0, 0, 1, 1, 1, 1, 1, 1, 1, 1, 1, 'G', 0, 0, 0]
  Core 4: [1, 1, 1, 1, 1, 1, 'G', 0, 0, 0, 0, 0, 0, 0, 0, 0, 0, 0, 0, 0]
  Core 5: [1, 1, 1, 1, 'G', 1, 1, 1, 1, 'G', 0, 0, 0, 0, 0, 0, 0, 0, 0, 0]
  Core 6: [1, 1, 1, 1, 1, 1, 1, 1, 1, 'G', 0, 0, 0, 0, 0, 0, 0, 0, 0, 0]
  Core 7: [0, 0, 0, 0, 0, 0, 1, 1, 1, 1, 1, 1, 1, 1, 'G', 0, 0, 0, 0, 0]
2 - 5:
  Core 1: [1, 1, 1, 1, 1, 1, 1, 1, 1, 1, 1, 'G', 0, 0, 0, 0, 0, 0, 0, 0]
  Core 2: [1, 1, 1, 1, 1, 1, 'G', 0, 0, 0, 0, 0, 0, 0, 0, 0, 0, 0, 0, 0]
  Core 3: [0, 0, 0, 0, 0, 0, 0, 0, 0, 0, 0, 0, 0, 0, 0, 0, 0, 0, 0, 0]
  Core 4: [1, 1, 1, 'G', 0, 0, 0, 0, 0, 0, 0, 0, 0, 0, 0, 0, 0, 0, 0, 0]
  Core 5: [0, 0, 0, 0, 0, 0, 0, 0, 0, 0, 0, 0, 0, 0, 0, 0, 0, 0, 0, 0]
  Core 6: [0, 0, 0, 0, 0, 0, 0, 0, 0, 0, 0, 0, 0, 0, 0, 0, 0, 0, 0, 0]
  Core 7: [0, 0, 0, 0, 0, 0, 0, 0, 0, 0, 0, 0, 0, 0, 0, 0, 0, 0, 0, 0]
5 - 3:
  Core 1: [1, 1, 1, 1, 1, 1, 'G', 0, 0, 0, 0, 0, 0, 0, 0, 0, 0, 0, 0, 0]
  Core 2: [1, 1, 1, 1, 'G', 0, 0, 0, 0, 0, 0, 0, 0, 0, 0, 0, 0, 0, 0, 0]
  Core 3: [0, 0, 0, 0, 0, 0, 0, 0, 0, 0, 0, 0, 0, 0, 0, 0, 0, 0, 0, 0]
  Core 4: [1, 1, 1, 1, 1, 'G', 0, 0, 0, 0, 0, 0, 0, 0, 0, 0, 0, 0, 0, 0]
  Core 5: [1, 1, 1, 1, 'G', 0, 0, 0, 0, 0, 0, 0, 0, 0, 0, 0, 0, 0, 0, 0]
  Core 6: [1, 1, 1, 1, 1, 1, 1, 1, 'G', 0, 0, 0, 0, 0, 0, 0, 0, 0, 0, 0]
  Core 7: [0, 0, 0, 0, 0, 0, 0, 0, 0, 0, 0, 0, 0, 0, 0, 0, 0, 0, 0, 0]
5 - 4:
  Core 1: [1, 1, 1, 1, 1, 'G', 0, 0, 0, 0, 0, 0, 0, 0, 0, 0, 0, 0, 0, 0]
  Core 2: [1, 1, 1, 'G', 0, 0, 0, 0, 0, 0, 0, 0, 0, 0, 0, 0, 0, 0, 0, 0]
  Core 3: [0, 0, 0, 0, 0, 0, 0, 0, 0, 0, 0, 0, 0, 0, 0, 0, 0, 0, 0, 0]
  Core 4: [1, 1, 1, 'G', 0, 0, 0, 0, 0, 0, 0, 0, 0, 0, 0, 0, 0, 0, 0, 0]
  Core 5: [0, 0, 0, 0, 0, 0, 0, 0, 0, 0, 0, 0, 0, 0, 0, 0, 0, 0, 0, 0]
  Core 6: [0, 0, 0, 0, 0, 0, 0, 0, 0, 0, 0, 0, 0, 0, 0, 0, 0, 0, 0, 0]
  Core 7: [0, 0, 0, 0, 0, 0, 0, 0, 0, 0, 0, 0, 0, 0, 0, 0, 0, 0, 0, 0]
6 - 4:
  Core 1: [1, 1, 1, 1, 1, 1, 1, 'G', 0, 0, 0, 0, 0, 0, 0, 0, 0, 0, 0, 0]
  Core 2: [1, 1, 1, 1, 'G', 0, 0, 0, 0, 0, 0, 0, 0, 0, 0, 0, 0, 0, 0, 0]
  Core 3: [0, 0, 0, 0, 0, 0, 0, 0, 0, 0, 0, 0, 0, 0, 0, 0, 0, 0, 0, 0]
  Core 4: [1, 1, 1, 1, 1, 'G', 0, 0, 0, 0, 0, 0, 0, 0, 0, 0, 0, 0, 0, 0]
  Core 5: [1, 1, 1, 1, 1, 1, 1, 1, 1, 'G', 0, 0, 0, 0, 0, 0, 0, 0, 0, 0]
  Core 6: [0, 0, 0, 0, 0, 0, 0, 0, 0, 0, 0, 0, 0, 0, 0, 0, 0, 0, 0, 0]
  Core 7: [0, 0, 0, 0, 0, 0, 0, 0, 0, 0, 0, 0, 0, 0, 0, 0, 0, 0, 0, 0]
6 - 5:
  Core 1: [1, 1, 1, 1, 'G', 0, 0, 0, 0, 0, 0, 0, 0, 0, 0, 0, 0, 0, 0, 0]
  Core 2: [1, 1, 1, 1, 'G', 0, 0, 0, 0, 0, 0, 0, 0, 0, 0, 0, 0, 0, 0, 0]
  Core 3: [0, 0, 0, 0, 0, 0, 0, 0, 0, 0, 0, 0, 0, 0, 0, 0, 0, 0, 0, 0]
  Core 4: [0, 0, 0, 0, 0, 0, 0, 0, 0, 0, 0, 0, 0, 0, 0, 0, 0, 0, 0, 0]
  Core 5: [0, 0, 0, 0, 0, 0, 0, 0, 0, 0, 0, 0, 0, 0, 0, 0, 0, 0, 0, 0]
  Core 6: [0, 0, 0, 0, 0, 0, 0, 0, 0, 0, 0, 0, 0, 0, 0, 0, 0, 0, 0, 0]
  Core 7: [0, 0, 0, 0, 0, 0, 0, 0, 0, 0, 0, 0, 0, 0, 0, 0, 0, 0, 0, 0]

Source: 6
Destination: 3
Path: 6 -> 5 -> 3
SP Length (km): 2000
Bandwidth (Gbps): 292
Selected Modulation Format: 8-QAM
FS Capacity: 12.5 GHz
Efficiency: 3
Slots needed (excluding guard bit): 8

Checking for path:  ['6', '5', '3']
  Allocated per link: [(frozenset({'6', '5'}), 4, 0), (frozenset({'5', '3'}), 3, 4)]

Current Slot Usage:
2 - 1:
  Core 1: [1, 1, 1, 1, 1, 1, 1, 1, 'G', 0, 0, 0, 0, 0, 0, 0, 0, 0, 0, 0]
  Core 2: [1, 1, 1, 1, 1, 1, 1, 1, 1, 1, 'G', 0, 0, 0, 0, 0, 0, 0, 0, 0]
  Core 3: [0, 0, 0, 0, 0, 0, 0, 0, 0, 0, 0, 0, 0, 0, 0, 0, 0, 0, 0, 0]
  Core 4: [1, 1, 1, 1, 1, 1, 1, 1, 1, 1, 1, 'G', 0, 0, 0, 0, 0, 0, 0, 0]
  Core 5: [1, 1, 1, 1, 1, 1, 1, 'G', 0, 0, 0, 0, 0, 0, 0, 0, 0, 0, 0, 0]
  Core 6: [1, 1, 1, 1, 1, 1, 1, 'G', 0, 0, 0, 0, 0, 0, 0, 0, 0, 0, 0, 0]
  Core 7: [0, 0, 0, 0, 0, 0, 0, 1, 1, 1, 1, 'G', 0, 0, 0, 0, 0, 0, 0, 0]
3 - 1:
  Core 1: [1, 1, 1, 1, 1, 1, 1, 1, 1, 1, 'G', 0, 0, 0, 0, 0, 0, 0, 0, 0]
  Core 2: [1, 1, 1, 1, 'G', 0, 0, 0, 0, 0, 0, 0, 0, 0, 0, 0, 0, 0, 0, 0]
  Core 3: [0, 0, 0, 0, 0, 0, 0, 0, 0, 0, 0, 0, 0, 0, 0, 0, 0, 0, 0, 0]
  Core 4: [1, 1, 1, 1, 'G', 0, 0, 0, 0, 0, 0, 0, 0, 0, 0, 0, 0, 0, 0, 0]
  Core 5: [0, 0, 0, 0, 0, 0, 0, 0, 0, 0, 0, 0, 0, 0, 0, 0, 0, 0, 0, 0]
  Core 6: [0, 0, 0, 0, 0, 0, 0, 0, 0, 0, 0, 0, 0, 0, 0, 0, 0, 0, 0, 0]
  Core 7: [0, 0, 0, 0, 0, 0, 0, 0, 0, 0, 0, 0, 0, 0, 0, 0, 0, 0, 0, 0]
2 - 3:
  Core 1: [1, 1, 1, 'G', 0, 0, 0, 0, 0, 0, 0, 0, 0, 0, 0, 0, 0, 0, 0, 0]
  Core 2: [1, 1, 1, 1, 1, 'G', 0, 0, 0, 0, 0, 0, 0, 0, 0, 0, 0, 0, 0, 0]
  Core 3: [0, 0, 0, 0, 0, 0, 0, 0, 0, 0, 0, 0, 0, 0, 0, 0, 0, 0, 0, 0]
  Core 4: [1, 1, 1, 1, 1, 1, 1, 1, 1, 'G', 0, 0, 0, 0, 0, 0, 0, 0, 0, 0]
  Core 5: [0, 0, 0, 0, 0, 0, 0, 0, 0, 0, 0, 0, 0, 0, 0, 0, 0, 0, 0, 0]
  Core 6: [0, 0, 0, 0, 0, 0, 0, 0, 0, 0, 0, 0, 0, 0, 0, 0, 0, 0, 0, 0]
  Core 7: [0, 0, 0, 0, 0, 0, 0, 0, 0, 0, 0, 0, 0, 0, 0, 0, 0, 0, 0, 0]
2 - 4:
  Core 1: [1, 1, 1, 1, 1, 1, 1, 1, 1, 1, 'G', 0, 0, 0, 0, 0, 0, 0, 0, 0]
  Core 2: [1, 1, 1, 1, 1, 1, 1, 'G', 0, 0, 0, 0, 0, 0, 0, 0, 0, 0, 0, 0]
  Core 3: [0, 0, 0, 0, 0, 0, 0, 1, 1, 1, 1, 1, 1, 1, 1, 1, 'G', 0, 0, 0]
  Core 4: [1, 1, 1, 1, 1, 1, 'G', 0, 0, 0, 0, 0, 0, 0, 0, 0, 0, 0, 0, 0]
  Core 5: [1, 1, 1, 1, 'G', 1, 1, 1, 1, 'G', 0, 0, 0, 0, 0, 0, 0, 0, 0, 0]
  Core 6: [1, 1, 1, 1, 1, 1, 1, 1, 1, 'G', 0, 0, 0, 0, 0, 0, 0, 0, 0, 0]
  Core 7: [0, 0, 0, 0, 0, 0, 1, 1, 1, 1, 1, 1, 1, 1, 'G', 0, 0, 0, 0, 0]
2 - 5:
  Core 1: [1, 1, 1, 1, 1, 1, 1, 1, 1, 1, 1, 'G', 0, 0, 0, 0, 0, 0, 0, 0]
  Core 2: [1, 1, 1, 1, 1, 1, 'G', 0, 0, 0, 0, 0, 0, 0, 0, 0, 0, 0, 0, 0]
  Core 3: [0, 0, 0, 0, 0, 0, 0, 0, 0, 0, 0, 0, 0, 0, 0, 0, 0, 0, 0, 0]
  Core 4: [1, 1, 1, 'G', 0, 0, 0, 0, 0, 0, 0, 0, 0, 0, 0, 0, 0, 0, 0, 0]
  Core 5: [0, 0, 0, 0, 0, 0, 0, 0, 0, 0, 0, 0, 0, 0, 0, 0, 0, 0, 0, 0]
  Core 6: [0, 0, 0, 0, 0, 0, 0, 0, 0, 0, 0, 0, 0, 0, 0, 0, 0, 0, 0, 0]
  Core 7: [0, 0, 0, 0, 0, 0, 0, 0, 0, 0, 0, 0, 0, 0, 0, 0, 0, 0, 0, 0]
5 - 3:
  Core 1: [1, 1, 1, 1, 1, 1, 'G', 0, 0, 0, 0, 0, 0, 0, 0, 0, 0, 0, 0, 0]
  Core 2: [1, 1, 1, 1, 'G', 0, 0, 0, 0, 0, 0, 0, 0, 0, 0, 0, 0, 0, 0, 0]
  Core 3: [0, 0, 0, 0, 1, 1, 1, 1, 1, 1, 1, 1, 'G', 0, 0, 0, 0, 0, 0, 0]
  Core 4: [1, 1, 1, 1, 1, 'G', 0, 0, 0, 0, 0, 0, 0, 0, 0, 0, 0, 0, 0, 0]
  Core 5: [1, 1, 1, 1, 'G', 0, 0, 0, 0, 0, 0, 0, 0, 0, 0, 0, 0, 0, 0, 0]
  Core 6: [1, 1, 1, 1, 1, 1, 1, 1, 'G', 0, 0, 0, 0, 0, 0, 0, 0, 0, 0, 0]
  Core 7: [0, 0, 0, 0, 0, 0, 0, 0, 0, 0, 0, 0, 0, 0, 0, 0, 0, 0, 0, 0]
5 - 4:
  Core 1: [1, 1, 1, 1, 1, 'G', 0, 0, 0, 0, 0, 0, 0, 0, 0, 0, 0, 0, 0, 0]
  Core 2: [1, 1, 1, 'G', 0, 0, 0, 0, 0, 0, 0, 0, 0, 0, 0, 0, 0, 0, 0, 0]
  Core 3: [0, 0, 0, 0, 0, 0, 0, 0, 0, 0, 0, 0, 0, 0, 0, 0, 0, 0, 0, 0]
  Core 4: [1, 1, 1, 'G', 0, 0, 0, 0, 0, 0, 0, 0, 0, 0, 0, 0, 0, 0, 0, 0]
  Core 5: [0, 0, 0, 0, 0, 0, 0, 0, 0, 0, 0, 0, 0, 0, 0, 0, 0, 0, 0, 0]
  Core 6: [0, 0, 0, 0, 0, 0, 0, 0, 0, 0, 0, 0, 0, 0, 0, 0, 0, 0, 0, 0]
  Core 7: [0, 0, 0, 0, 0, 0, 0, 0, 0, 0, 0, 0, 0, 0, 0, 0, 0, 0, 0, 0]
6 - 4:
  Core 1: [1, 1, 1, 1, 1, 1, 1, 'G', 0, 0, 0, 0, 0, 0, 0, 0, 0, 0, 0, 0]
  Core 2: [1, 1, 1, 1, 'G', 0, 0, 0, 0, 0, 0, 0, 0, 0, 0, 0, 0, 0, 0, 0]
  Core 3: [0, 0, 0, 0, 0, 0, 0, 0, 0, 0, 0, 0, 0, 0, 0, 0, 0, 0, 0, 0]
  Core 4: [1, 1, 1, 1, 1, 'G', 0, 0, 0, 0, 0, 0, 0, 0, 0, 0, 0, 0, 0, 0]
  Core 5: [1, 1, 1, 1, 1, 1, 1, 1, 1, 'G', 0, 0, 0, 0, 0, 0, 0, 0, 0, 0]
  Core 6: [0, 0, 0, 0, 0, 0, 0, 0, 0, 0, 0, 0, 0, 0, 0, 0, 0, 0, 0, 0]
  Core 7: [0, 0, 0, 0, 0, 0, 0, 0, 0, 0, 0, 0, 0, 0, 0, 0, 0, 0, 0, 0]
6 - 5:
  Core 1: [1, 1, 1, 1, 'G', 0, 0, 0, 0, 0, 0, 0, 0, 0, 0, 0, 0, 0, 0, 0]
  Core 2: [1, 1, 1, 1, 'G', 0, 0, 0, 0, 0, 0, 0, 0, 0, 0, 0, 0, 0, 0, 0]
  Core 3: [0, 0, 0, 0, 0, 0, 0, 0, 0, 0, 0, 0, 0, 0, 0, 0, 0, 0, 0, 0]
  Core 4: [1, 1, 1, 1, 1, 1, 1, 1, 'G', 0, 0, 0, 0, 0, 0, 0, 0, 0, 0, 0]
  Core 5: [0, 0, 0, 0, 0, 0, 0, 0, 0, 0, 0, 0, 0, 0, 0, 0, 0, 0, 0, 0]
  Core 6: [0, 0, 0, 0, 0, 0, 0, 0, 0, 0, 0, 0, 0, 0, 0, 0, 0, 0, 0, 0]
  Core 7: [0, 0, 0, 0, 0, 0, 0, 0, 0, 0, 0, 0, 0, 0, 0, 0, 0, 0, 0, 0]

Source: 6
Destination: 4
Path: 6 -> 4
SP Length (km): 1000
Bandwidth (Gbps): 187
Selected Modulation Format: 16-QAM
FS Capacity: 12.5 GHz
Efficiency: 4
Slots needed (excluding guard bit): 4

Checking for path:  ['6', '4']
  Allocated per link: [(frozenset({'6', '4'}), 6, 0)]

Current Slot Usage:
2 - 1:
  Core 1: [1, 1, 1, 1, 1, 1, 1, 1, 'G', 0, 0, 0, 0, 0, 0, 0, 0, 0, 0, 0]
  Core 2: [1, 1, 1, 1, 1, 1, 1, 1, 1, 1, 'G', 0, 0, 0, 0, 0, 0, 0, 0, 0]
  Core 3: [0, 0, 0, 0, 0, 0, 0, 0, 0, 0, 0, 0, 0, 0, 0, 0, 0, 0, 0, 0]
  Core 4: [1, 1, 1, 1, 1, 1, 1, 1, 1, 1, 1, 'G', 0, 0, 0, 0, 0, 0, 0, 0]
  Core 5: [1, 1, 1, 1, 1, 1, 1, 'G', 0, 0, 0, 0, 0, 0, 0, 0, 0, 0, 0, 0]
  Core 6: [1, 1, 1, 1, 1, 1, 1, 'G', 0, 0, 0, 0, 0, 0, 0, 0, 0, 0, 0, 0]
  Core 7: [0, 0, 0, 0, 0, 0, 0, 1, 1, 1, 1, 'G', 0, 0, 0, 0, 0, 0, 0, 0]
3 - 1:
  Core 1: [1, 1, 1, 1, 1, 1, 1, 1, 1, 1, 'G', 0, 0, 0, 0, 0, 0, 0, 0, 0]
  Core 2: [1, 1, 1, 1, 'G', 0, 0, 0, 0, 0, 0, 0, 0, 0, 0, 0, 0, 0, 0, 0]
  Core 3: [0, 0, 0, 0, 0, 0, 0, 0, 0, 0, 0, 0, 0, 0, 0, 0, 0, 0, 0, 0]
  Core 4: [1, 1, 1, 1, 'G', 0, 0, 0, 0, 0, 0, 0, 0, 0, 0, 0, 0, 0, 0, 0]
  Core 5: [0, 0, 0, 0, 0, 0, 0, 0, 0, 0, 0, 0, 0, 0, 0, 0, 0, 0, 0, 0]
  Core 6: [0, 0, 0, 0, 0, 0, 0, 0, 0, 0, 0, 0, 0, 0, 0, 0, 0, 0, 0, 0]
  Core 7: [0, 0, 0, 0, 0, 0, 0, 0, 0, 0, 0, 0, 0, 0, 0, 0, 0, 0, 0, 0]
2 - 3:
  Core 1: [1, 1, 1, 'G', 0, 0, 0, 0, 0, 0, 0, 0, 0, 0, 0, 0, 0, 0, 0, 0]
  Core 2: [1, 1, 1, 1, 1, 'G', 0, 0, 0, 0, 0, 0, 0, 0, 0, 0, 0, 0, 0, 0]
  Core 3: [0, 0, 0, 0, 0, 0, 0, 0, 0, 0, 0, 0, 0, 0, 0, 0, 0, 0, 0, 0]
  Core 4: [1, 1, 1, 1, 1, 1, 1, 1, 1, 'G', 0, 0, 0, 0, 0, 0, 0, 0, 0, 0]
  Core 5: [0, 0, 0, 0, 0, 0, 0, 0, 0, 0, 0, 0, 0, 0, 0, 0, 0, 0, 0, 0]
  Core 6: [0, 0, 0, 0, 0, 0, 0, 0, 0, 0, 0, 0, 0, 0, 0, 0, 0, 0, 0, 0]
  Core 7: [0, 0, 0, 0, 0, 0, 0, 0, 0, 0, 0, 0, 0, 0, 0, 0, 0, 0, 0, 0]
2 - 4:
  Core 1: [1, 1, 1, 1, 1, 1, 1, 1, 1, 1, 'G', 0, 0, 0, 0, 0, 0, 0, 0, 0]
  Core 2: [1, 1, 1, 1, 1, 1, 1, 'G', 0, 0, 0, 0, 0, 0, 0, 0, 0, 0, 0, 0]
  Core 3: [0, 0, 0, 0, 0, 0, 0, 1, 1, 1, 1, 1, 1, 1, 1, 1, 'G', 0, 0, 0]
  Core 4: [1, 1, 1, 1, 1, 1, 'G', 0, 0, 0, 0, 0, 0, 0, 0, 0, 0, 0, 0, 0]
  Core 5: [1, 1, 1, 1, 'G', 1, 1, 1, 1, 'G', 0, 0, 0, 0, 0, 0, 0, 0, 0, 0]
  Core 6: [1, 1, 1, 1, 1, 1, 1, 1, 1, 'G', 0, 0, 0, 0, 0, 0, 0, 0, 0, 0]
  Core 7: [0, 0, 0, 0, 0, 0, 1, 1, 1, 1, 1, 1, 1, 1, 'G', 0, 0, 0, 0, 0]
2 - 5:
  Core 1: [1, 1, 1, 1, 1, 1, 1, 1, 1, 1, 1, 'G', 0, 0, 0, 0, 0, 0, 0, 0]
  Core 2: [1, 1, 1, 1, 1, 1, 'G', 0, 0, 0, 0, 0, 0, 0, 0, 0, 0, 0, 0, 0]
  Core 3: [0, 0, 0, 0, 0, 0, 0, 0, 0, 0, 0, 0, 0, 0, 0, 0, 0, 0, 0, 0]
  Core 4: [1, 1, 1, 'G', 0, 0, 0, 0, 0, 0, 0, 0, 0, 0, 0, 0, 0, 0, 0, 0]
  Core 5: [0, 0, 0, 0, 0, 0, 0, 0, 0, 0, 0, 0, 0, 0, 0, 0, 0, 0, 0, 0]
  Core 6: [0, 0, 0, 0, 0, 0, 0, 0, 0, 0, 0, 0, 0, 0, 0, 0, 0, 0, 0, 0]
  Core 7: [0, 0, 0, 0, 0, 0, 0, 0, 0, 0, 0, 0, 0, 0, 0, 0, 0, 0, 0, 0]
5 - 3:
  Core 1: [1, 1, 1, 1, 1, 1, 'G', 0, 0, 0, 0, 0, 0, 0, 0, 0, 0, 0, 0, 0]
  Core 2: [1, 1, 1, 1, 'G', 0, 0, 0, 0, 0, 0, 0, 0, 0, 0, 0, 0, 0, 0, 0]
  Core 3: [0, 0, 0, 0, 1, 1, 1, 1, 1, 1, 1, 1, 'G', 0, 0, 0, 0, 0, 0, 0]
  Core 4: [1, 1, 1, 1, 1, 'G', 0, 0, 0, 0, 0, 0, 0, 0, 0, 0, 0, 0, 0, 0]
  Core 5: [1, 1, 1, 1, 'G', 0, 0, 0, 0, 0, 0, 0, 0, 0, 0, 0, 0, 0, 0, 0]
  Core 6: [1, 1, 1, 1, 1, 1, 1, 1, 'G', 0, 0, 0, 0, 0, 0, 0, 0, 0, 0, 0]
  Core 7: [0, 0, 0, 0, 0, 0, 0, 0, 0, 0, 0, 0, 0, 0, 0, 0, 0, 0, 0, 0]
5 - 4:
  Core 1: [1, 1, 1, 1, 1, 'G', 0, 0, 0, 0, 0, 0, 0, 0, 0, 0, 0, 0, 0, 0]
  Core 2: [1, 1, 1, 'G', 0, 0, 0, 0, 0, 0, 0, 0, 0, 0, 0, 0, 0, 0, 0, 0]
  Core 3: [0, 0, 0, 0, 0, 0, 0, 0, 0, 0, 0, 0, 0, 0, 0, 0, 0, 0, 0, 0]
  Core 4: [1, 1, 1, 'G', 0, 0, 0, 0, 0, 0, 0, 0, 0, 0, 0, 0, 0, 0, 0, 0]
  Core 5: [0, 0, 0, 0, 0, 0, 0, 0, 0, 0, 0, 0, 0, 0, 0, 0, 0, 0, 0, 0]
  Core 6: [0, 0, 0, 0, 0, 0, 0, 0, 0, 0, 0, 0, 0, 0, 0, 0, 0, 0, 0, 0]
  Core 7: [0, 0, 0, 0, 0, 0, 0, 0, 0, 0, 0, 0, 0, 0, 0, 0, 0, 0, 0, 0]
6 - 4:
  Core 1: [1, 1, 1, 1, 1, 1, 1, 'G', 0, 0, 0, 0, 0, 0, 0, 0, 0, 0, 0, 0]
  Core 2: [1, 1, 1, 1, 'G', 0, 0, 0, 0, 0, 0, 0, 0, 0, 0, 0, 0, 0, 0, 0]
  Core 3: [0, 0, 0, 0, 0, 0, 0, 0, 0, 0, 0, 0, 0, 0, 0, 0, 0, 0, 0, 0]
  Core 4: [1, 1, 1, 1, 1, 'G', 0, 0, 0, 0, 0, 0, 0, 0, 0, 0, 0, 0, 0, 0]
  Core 5: [1, 1, 1, 1, 1, 1, 1, 1, 1, 'G', 0, 0, 0, 0, 0, 0, 0, 0, 0, 0]
  Core 6: [1, 1, 1, 1, 'G', 0, 0, 0, 0, 0, 0, 0, 0, 0, 0, 0, 0, 0, 0, 0]
  Core 7: [0, 0, 0, 0, 0, 0, 0, 0, 0, 0, 0, 0, 0, 0, 0, 0, 0, 0, 0, 0]
6 - 5:
  Core 1: [1, 1, 1, 1, 'G', 0, 0, 0, 0, 0, 0, 0, 0, 0, 0, 0, 0, 0, 0, 0]
  Core 2: [1, 1, 1, 1, 'G', 0, 0, 0, 0, 0, 0, 0, 0, 0, 0, 0, 0, 0, 0, 0]
  Core 3: [0, 0, 0, 0, 0, 0, 0, 0, 0, 0, 0, 0, 0, 0, 0, 0, 0, 0, 0, 0]
  Core 4: [1, 1, 1, 1, 1, 1, 1, 1, 'G', 0, 0, 0, 0, 0, 0, 0, 0, 0, 0, 0]
  Core 5: [0, 0, 0, 0, 0, 0, 0, 0, 0, 0, 0, 0, 0, 0, 0, 0, 0, 0, 0, 0]
  Core 6: [0, 0, 0, 0, 0, 0, 0, 0, 0, 0, 0, 0, 0, 0, 0, 0, 0, 0, 0, 0]
  Core 7: [0, 0, 0, 0, 0, 0, 0, 0, 0, 0, 0, 0, 0, 0, 0, 0, 0, 0, 0, 0]

Source: 6
Destination: 5
Path: 6 -> 5
SP Length (km): 1200
Bandwidth (Gbps): 269
Selected Modulation Format: 8-QAM
FS Capacity: 12.5 GHz
Efficiency: 3
Slots needed (excluding guard bit): 8

Checking for path:  ['6', '5']
  Allocated per link: [(frozenset({'6', '5'}), 5, 0)]

Current Slot Usage:
2 - 1:
  Core 1: [1, 1, 1, 1, 1, 1, 1, 1, 'G', 0, 0, 0, 0, 0, 0, 0, 0, 0, 0, 0]
  Core 2: [1, 1, 1, 1, 1, 1, 1, 1, 1, 1, 'G', 0, 0, 0, 0, 0, 0, 0, 0, 0]
  Core 3: [0, 0, 0, 0, 0, 0, 0, 0, 0, 0, 0, 0, 0, 0, 0, 0, 0, 0, 0, 0]
  Core 4: [1, 1, 1, 1, 1, 1, 1, 1, 1, 1, 1, 'G', 0, 0, 0, 0, 0, 0, 0, 0]
  Core 5: [1, 1, 1, 1, 1, 1, 1, 'G', 0, 0, 0, 0, 0, 0, 0, 0, 0, 0, 0, 0]
  Core 6: [1, 1, 1, 1, 1, 1, 1, 'G', 0, 0, 0, 0, 0, 0, 0, 0, 0, 0, 0, 0]
  Core 7: [0, 0, 0, 0, 0, 0, 0, 1, 1, 1, 1, 'G', 0, 0, 0, 0, 0, 0, 0, 0]
3 - 1:
  Core 1: [1, 1, 1, 1, 1, 1, 1, 1, 1, 1, 'G', 0, 0, 0, 0, 0, 0, 0, 0, 0]
  Core 2: [1, 1, 1, 1, 'G', 0, 0, 0, 0, 0, 0, 0, 0, 0, 0, 0, 0, 0, 0, 0]
  Core 3: [0, 0, 0, 0, 0, 0, 0, 0, 0, 0, 0, 0, 0, 0, 0, 0, 0, 0, 0, 0]
  Core 4: [1, 1, 1, 1, 'G', 0, 0, 0, 0, 0, 0, 0, 0, 0, 0, 0, 0, 0, 0, 0]
  Core 5: [0, 0, 0, 0, 0, 0, 0, 0, 0, 0, 0, 0, 0, 0, 0, 0, 0, 0, 0, 0]
  Core 6: [0, 0, 0, 0, 0, 0, 0, 0, 0, 0, 0, 0, 0, 0, 0, 0, 0, 0, 0, 0]
  Core 7: [0, 0, 0, 0, 0, 0, 0, 0, 0, 0, 0, 0, 0, 0, 0, 0, 0, 0, 0, 0]
2 - 3:
  Core 1: [1, 1, 1, 'G', 0, 0, 0, 0, 0, 0, 0, 0, 0, 0, 0, 0, 0, 0, 0, 0]
  Core 2: [1, 1, 1, 1, 1, 'G', 0, 0, 0, 0, 0, 0, 0, 0, 0, 0, 0, 0, 0, 0]
  Core 3: [0, 0, 0, 0, 0, 0, 0, 0, 0, 0, 0, 0, 0, 0, 0, 0, 0, 0, 0, 0]
  Core 4: [1, 1, 1, 1, 1, 1, 1, 1, 1, 'G', 0, 0, 0, 0, 0, 0, 0, 0, 0, 0]
  Core 5: [0, 0, 0, 0, 0, 0, 0, 0, 0, 0, 0, 0, 0, 0, 0, 0, 0, 0, 0, 0]
  Core 6: [0, 0, 0, 0, 0, 0, 0, 0, 0, 0, 0, 0, 0, 0, 0, 0, 0, 0, 0, 0]
  Core 7: [0, 0, 0, 0, 0, 0, 0, 0, 0, 0, 0, 0, 0, 0, 0, 0, 0, 0, 0, 0]
2 - 4:
  Core 1: [1, 1, 1, 1, 1, 1, 1, 1, 1, 1, 'G', 0, 0, 0, 0, 0, 0, 0, 0, 0]
  Core 2: [1, 1, 1, 1, 1, 1, 1, 'G', 0, 0, 0, 0, 0, 0, 0, 0, 0, 0, 0, 0]
  Core 3: [0, 0, 0, 0, 0, 0, 0, 1, 1, 1, 1, 1, 1, 1, 1, 1, 'G', 0, 0, 0]
  Core 4: [1, 1, 1, 1, 1, 1, 'G', 0, 0, 0, 0, 0, 0, 0, 0, 0, 0, 0, 0, 0]
  Core 5: [1, 1, 1, 1, 'G', 1, 1, 1, 1, 'G', 0, 0, 0, 0, 0, 0, 0, 0, 0, 0]
  Core 6: [1, 1, 1, 1, 1, 1, 1, 1, 1, 'G', 0, 0, 0, 0, 0, 0, 0, 0, 0, 0]
  Core 7: [0, 0, 0, 0, 0, 0, 1, 1, 1, 1, 1, 1, 1, 1, 'G', 0, 0, 0, 0, 0]
2 - 5:
  Core 1: [1, 1, 1, 1, 1, 1, 1, 1, 1, 1, 1, 'G', 0, 0, 0, 0, 0, 0, 0, 0]
  Core 2: [1, 1, 1, 1, 1, 1, 'G', 0, 0, 0, 0, 0, 0, 0, 0, 0, 0, 0, 0, 0]
  Core 3: [0, 0, 0, 0, 0, 0, 0, 0, 0, 0, 0, 0, 0, 0, 0, 0, 0, 0, 0, 0]
  Core 4: [1, 1, 1, 'G', 0, 0, 0, 0, 0, 0, 0, 0, 0, 0, 0, 0, 0, 0, 0, 0]
  Core 5: [0, 0, 0, 0, 0, 0, 0, 0, 0, 0, 0, 0, 0, 0, 0, 0, 0, 0, 0, 0]
  Core 6: [0, 0, 0, 0, 0, 0, 0, 0, 0, 0, 0, 0, 0, 0, 0, 0, 0, 0, 0, 0]
  Core 7: [0, 0, 0, 0, 0, 0, 0, 0, 0, 0, 0, 0, 0, 0, 0, 0, 0, 0, 0, 0]
5 - 3:
  Core 1: [1, 1, 1, 1, 1, 1, 'G', 0, 0, 0, 0, 0, 0, 0, 0, 0, 0, 0, 0, 0]
  Core 2: [1, 1, 1, 1, 'G', 0, 0, 0, 0, 0, 0, 0, 0, 0, 0, 0, 0, 0, 0, 0]
  Core 3: [0, 0, 0, 0, 1, 1, 1, 1, 1, 1, 1, 1, 'G', 0, 0, 0, 0, 0, 0, 0]
  Core 4: [1, 1, 1, 1, 1, 'G', 0, 0, 0, 0, 0, 0, 0, 0, 0, 0, 0, 0, 0, 0]
  Core 5: [1, 1, 1, 1, 'G', 0, 0, 0, 0, 0, 0, 0, 0, 0, 0, 0, 0, 0, 0, 0]
  Core 6: [1, 1, 1, 1, 1, 1, 1, 1, 'G', 0, 0, 0, 0, 0, 0, 0, 0, 0, 0, 0]
  Core 7: [0, 0, 0, 0, 0, 0, 0, 0, 0, 0, 0, 0, 0, 0, 0, 0, 0, 0, 0, 0]
5 - 4:
  Core 1: [1, 1, 1, 1, 1, 'G', 0, 0, 0, 0, 0, 0, 0, 0, 0, 0, 0, 0, 0, 0]
  Core 2: [1, 1, 1, 'G', 0, 0, 0, 0, 0, 0, 0, 0, 0, 0, 0, 0, 0, 0, 0, 0]
  Core 3: [0, 0, 0, 0, 0, 0, 0, 0, 0, 0, 0, 0, 0, 0, 0, 0, 0, 0, 0, 0]
  Core 4: [1, 1, 1, 'G', 0, 0, 0, 0, 0, 0, 0, 0, 0, 0, 0, 0, 0, 0, 0, 0]
  Core 5: [0, 0, 0, 0, 0, 0, 0, 0, 0, 0, 0, 0, 0, 0, 0, 0, 0, 0, 0, 0]
  Core 6: [0, 0, 0, 0, 0, 0, 0, 0, 0, 0, 0, 0, 0, 0, 0, 0, 0, 0, 0, 0]
  Core 7: [0, 0, 0, 0, 0, 0, 0, 0, 0, 0, 0, 0, 0, 0, 0, 0, 0, 0, 0, 0]
6 - 4:
  Core 1: [1, 1, 1, 1, 1, 1, 1, 'G', 0, 0, 0, 0, 0, 0, 0, 0, 0, 0, 0, 0]
  Core 2: [1, 1, 1, 1, 'G', 0, 0, 0, 0, 0, 0, 0, 0, 0, 0, 0, 0, 0, 0, 0]
  Core 3: [0, 0, 0, 0, 0, 0, 0, 0, 0, 0, 0, 0, 0, 0, 0, 0, 0, 0, 0, 0]
  Core 4: [1, 1, 1, 1, 1, 'G', 0, 0, 0, 0, 0, 0, 0, 0, 0, 0, 0, 0, 0, 0]
  Core 5: [1, 1, 1, 1, 1, 1, 1, 1, 1, 'G', 0, 0, 0, 0, 0, 0, 0, 0, 0, 0]
  Core 6: [1, 1, 1, 1, 'G', 0, 0, 0, 0, 0, 0, 0, 0, 0, 0, 0, 0, 0, 0, 0]
  Core 7: [0, 0, 0, 0, 0, 0, 0, 0, 0, 0, 0, 0, 0, 0, 0, 0, 0, 0, 0, 0]
6 - 5:
  Core 1: [1, 1, 1, 1, 'G', 0, 0, 0, 0, 0, 0, 0, 0, 0, 0, 0, 0, 0, 0, 0]
  Core 2: [1, 1, 1, 1, 'G', 0, 0, 0, 0, 0, 0, 0, 0, 0, 0, 0, 0, 0, 0, 0]
  Core 3: [0, 0, 0, 0, 0, 0, 0, 0, 0, 0, 0, 0, 0, 0, 0, 0, 0, 0, 0, 0]
  Core 4: [1, 1, 1, 1, 1, 1, 1, 1, 'G', 0, 0, 0, 0, 0, 0, 0, 0, 0, 0, 0]
  Core 5: [1, 1, 1, 1, 1, 1, 1, 1, 'G', 0, 0, 0, 0, 0, 0, 0, 0, 0, 0, 0]
  Core 6: [0, 0, 0, 0, 0, 0, 0, 0, 0, 0, 0, 0, 0, 0, 0, 0, 0, 0, 0, 0]
  Core 7: [0, 0, 0, 0, 0, 0, 0, 0, 0, 0, 0, 0, 0, 0, 0, 0, 0, 0, 0, 0]

Request Log:
Request 1 : Source= 1 , Destination= 2 , Path= 1 -> 2 , SP Length= 1000  km, Bandwidth= 371  Gbps, Modulation= 16-QAM , Slots Needed= 8 , Success= True
Request 2 : Source= 1 , Destination= 3 , Path= 1 -> 3 , SP Length= 1200  km, Bandwidth= 361  Gbps, Modulation= 8-QAM , Slots Needed= 10 , Success= True
Request 3 : Source= 1 , Destination= 4 , Path= 1 -> 2 -> 4 , SP Length= 1800  km, Bandwidth= 363  Gbps, Modulation= 8-QAM , Slots Needed= 10 , Success= True
Request 4 : Source= 1 , Destination= 5 , Path= 1 -> 2 -> 5 , SP Length= 2000  km, Bandwidth= 386  Gbps, Modulation= 8-QAM , Slots Needed= 11 , Success= True
Request 5 : Source= 1 , Destination= 6 , Path= 1 -> 2 -> 4 -> 6 , SP Length= 2800  km, Bandwidth= 156  Gbps, Modulation= QPSK , Slots Needed= 7 , Success= True
Request 6 : Source= 2 , Destination= 1 , Path= 2 -> 1 , SP Length= 1000  km, Bandwidth= 342  Gbps, Modulation= 16-QAM , Slots Needed= 7 , Success= True
Request 7 : Source= 2 , Destination= 3 , Path= 2 -> 3 , SP Length= 600  km, Bandwidth= 133  Gbps, Modulation= 16-QAM , Slots Needed= 3 , Success= True
Request 8 : Source= 2 , Destination= 4 , Path= 2 -> 4 , SP Length= 800  km, Bandwidth= 283  Gbps, Modulation= 16-QAM , Slots Needed= 6 , Success= True
Request 9 : Source= 2 , Destination= 5 , Path= 2 -> 5 , SP Length= 1000  km, Bandwidth= 269  Gbps, Modulation= 16-QAM , Slots Needed= 6 , Success= True
Request 10 : Source= 2 , Destination= 6 , Path= 2 -> 4 -> 6 , SP Length= 1800  km, Bandwidth= 150  Gbps, Modulation= 8-QAM , Slots Needed= 4 , Success= True
Request 11 : Source= 3 , Destination= 1 , Path= 3 -> 1 , SP Length= 1200  km, Bandwidth= 137  Gbps, Modulation= 8-QAM , Slots Needed= 4 , Success= True
Request 12 : Source= 3 , Destination= 2 , Path= 3 -> 2 , SP Length= 600  km, Bandwidth= 217  Gbps, Modulation= 16-QAM , Slots Needed= 5 , Success= True
Request 13 : Source= 3 , Destination= 4 , Path= 3 -> 2 -> 4 , SP Length= 1400  km, Bandwidth= 308  Gbps, Modulation= 8-QAM , Slots Needed= 9 , Success= True
Request 14 : Source= 3 , Destination= 5 , Path= 3 -> 5 , SP Length= 800  km, Bandwidth= 280  Gbps, Modulation= 16-QAM , Slots Needed= 6 , Success= True
Request 15 : Source= 3 , Destination= 6 , Path= 3 -> 5 -> 6 , SP Length= 2000  km, Bandwidth= 132  Gbps, Modulation= 8-QAM , Slots Needed= 4 , Success= True
Request 16 : Source= 4 , Destination= 1 , Path= 4 -> 2 -> 1 , SP Length= 1800  km, Bandwidth= 137  Gbps, Modulation= 8-QAM , Slots Needed= 4 , Success= True
Request 17 : Source= 4 , Destination= 2 , Path= 4 -> 2 , SP Length= 800  km, Bandwidth= 362  Gbps, Modulation= 16-QAM , Slots Needed= 8 , Success= True
Request 18 : Source= 4 , Destination= 3 , Path= 4 -> 5 -> 3 , SP Length= 1400  km, Bandwidth= 161  Gbps, Modulation= 8-QAM , Slots Needed= 5 , Success= True
Request 19 : Source= 4 , Destination= 5 , Path= 4 -> 5 , SP Length= 600  km, Bandwidth= 133  Gbps, Modulation= 16-QAM , Slots Needed= 3 , Success= True
Request 20 : Source= 4 , Destination= 6 , Path= 4 -> 6 , SP Length= 1000  km, Bandwidth= 217  Gbps, Modulation= 16-QAM , Slots Needed= 5 , Success= True
Request 21 : Source= 5 , Destination= 1 , Path= 5 -> 3 -> 1 , SP Length= 2000  km, Bandwidth= 122  Gbps, Modulation= 8-QAM , Slots Needed= 4 , Success= True
Request 22 : Source= 5 , Destination= 2 , Path= 5 -> 2 , SP Length= 1000  km, Bandwidth= 136  Gbps, Modulation= 16-QAM , Slots Needed= 3 , Success= True
Request 23 : Source= 5 , Destination= 3 , Path= 5 -> 3 , SP Length= 800  km, Bandwidth= 371  Gbps, Modulation= 16-QAM , Slots Needed= 8 , Success= True
Request 24 : Source= 5 , Destination= 4 , Path= 5 -> 4 , SP Length= 600  km, Bandwidth= 131  Gbps, Modulation= 16-QAM , Slots Needed= 3 , Success= True
Request 25 : Source= 5 , Destination= 6 , Path= 5 -> 6 , SP Length= 1200  km, Bandwidth= 149  Gbps, Modulation= 8-QAM , Slots Needed= 4 , Success= True
Request 26 : Source= 6 , Destination= 1 , Path= 6 -> 4 -> 2 -> 1 , SP Length= 2800  km, Bandwidth= 331  Gbps, Modulation= QPSK , Slots Needed= 14 , Success= False
Request 27 : Source= 6 , Destination= 2 , Path= 6 -> 4 -> 2 , SP Length= 1800  km, Bandwidth= 320  Gbps, Modulation= 8-QAM , Slots Needed= 9 , Success= True
Request 28 : Source= 6 , Destination= 3 , Path= 6 -> 5 -> 3 , SP Length= 2000  km, Bandwidth= 292  Gbps, Modulation= 8-QAM , Slots Needed= 8 , Success= True
Request 29 : Source= 6 , Destination= 4 , Path= 6 -> 4 , SP Length= 1000  km, Bandwidth= 187  Gbps, Modulation= 16-QAM , Slots Needed= 4 , Success= True
Request 30 : Source= 6 , Destination= 5 , Path= 6 -> 5 , SP Length= 1200  km, Bandwidth= 269  Gbps, Modulation= 8-QAM , Slots Needed= 8 , Success= True
The fail probability is: 0.03333333333333333
The no. of failed requests are:  1

Total program execution time: 20.2592 seconds
